id,source_id
1,dc_3061
2,dc_184
3,dc_6569
4,dc_62
5,dc_317
6,dc_29
7,dc_1861
8,dc_186
9,dc_238
10,dc_6934
11,dc_165
12,dc_93
13,dc_424
14,dc_6329
15,dc_92
16,dc_6331
17,dc_7433
18,dc_1865
19,dc_5009
20,dc_6158
21,dc_433
22,dc_148
23,dc_282
24,dc_5051
25,dc_7039
26,dc_220
27,dc_30
28,dc_31
29,dc_296
30,dc_111
31,dc_6779
32,dc_5935
33,dc_37
34,dc_256
35,dc_7367
36,dc_1334
37,dc_4842
38,dc_672
39,dc_6926
40,dc_3120
41,dc_402
42,dc_237
43,dc_1773
44,dc_7106
45,dc_66
46,dc_217
47,dc_3990
48,dc_167
49,dc_295
50,dc_176
51,dc_169
52,dc_1619
53,dc_6849
54,dc_1281
55,dc_3941
56,dc_17
57,dc_71
58,dc_1077
59,dc_7903
60,dc_36
61,dc_778
62,dc_3918
63,dc_1622
64,dc_572
65,dc_230
66,dc_3836
67,dc_109
68,dc_8231
69,dc_543
70,dc_6419
71,dc_349
72,dc_5021
73,dc_228
74,dc_20
75,dc_1383
76,dc_4640
77,dc_4188
78,dc_1864
79,dc_7067
80,dc_4096
81,dc_903
82,dc_50
83,dc_454
84,dc_4456
85,dc_4330
86,dc_1771
87,dc_216
88,dc_460
89,dc_227
90,dc_1801
91,dc_580
92,dc_740
93,dc_534
94,dc_930
95,dc_95
96,dc_1881
97,dc_4767
98,dc_419
99,dc_516
100,dc_4463
101,dc_1426
102,dc_5923
103,dc_8294
104,dc_5254
105,dc_723
106,dc_100
107,dc_5261
108,dc_339
109,dc_754
110,dc_9013
111,dc_307
112,dc_155
113,dc_3230
114,dc_4075
115,dc_4954
116,dc_6328
117,dc_6181
118,dc_372
119,dc_4042
120,dc_7187
121,dc_208
122,dc_4959
123,dc_2
124,dc_6933
125,dc_4948
126,dc_3819
127,dc_21
128,dc_234
129,dc_6291
130,dc_536
131,dc_5596
132,dc_6110
133,dc_396
134,dc_258
135,dc_1272
136,dc_567
137,dc_1849
138,dc_5008
139,dc_401
140,dc_151
141,dc_153
142,dc_275
143,dc_480
144,dc_251
145,dc_1641
146,dc_851
147,dc_380
148,dc_1802
149,dc_149
150,dc_364
151,dc_190
152,dc_1404
153,dc_859
154,dc_4656
155,dc_170
156,dc_3582
157,dc_7538
158,dc_293
159,dc_6689
160,dc_32
161,dc_2020
162,dc_196
163,dc_336
164,dc_7127
165,dc_1974
166,dc_8233
167,dc_33
168,dc_35
169,dc_283
170,dc_6019
171,dc_1957
172,dc_6966
173,dc_504
174,dc_61
175,dc_5102
176,dc_3426
177,dc_24
178,dc_1306
179,dc_191
180,dc_4110
181,dc_588
182,dc_643
183,dc_1310
184,dc_5765
185,dc_1376
186,dc_53
187,dc_1790
188,dc_248
189,dc_4068
190,dc_6239
191,dc_1236
192,dc_6932
193,dc_5907
194,dc_6917
195,dc_1531
196,dc_656
197,dc_2015
198,dc_3308
199,dc_399
200,dc_108
201,dc_353
202,dc_3847
203,dc_1307
204,dc_4433
205,dc_4946
206,dc_1762
207,dc_455
208,dc_23
209,dc_8
210,dc_425
211,dc_2024
212,dc_5182
213,dc_6683
214,dc_1778
215,dc_1537
216,dc_929
217,dc_3270
218,dc_83
219,dc_1436
220,dc_9017
221,dc_5381
222,dc_428
223,dc_6146
224,dc_6805
225,dc_1595
226,dc_6092
227,dc_3774
228,dc_318
229,dc_1768
230,dc_4883
231,dc_5025
232,dc_6117
233,dc_1617
234,dc_374
235,dc_1456
236,dc_3474
237,dc_1411
238,dc_195
239,dc_6731
240,dc_19
241,dc_6080
242,dc_430
243,dc_1097
244,dc_4185
245,dc_3303
246,dc_1763
247,dc_42
248,dc_97
249,dc_5212
250,dc_309
251,dc_179
252,dc_6433
253,dc_1232
254,dc_1352
255,dc_6846
256,dc_2025
257,dc_404
258,dc_7435
259,dc_6535
260,dc_379
261,dc_6601
262,dc_5721
263,dc_3097
264,dc_3605
265,dc_4354
266,dc_6226
267,dc_8180
268,dc_4605
269,dc_1493
270,dc_3688
271,dc_331
272,dc_229
273,dc_1840
274,dc_1835
275,dc_383
276,dc_7509
277,dc_1803
278,dc_5070
279,dc_266
280,dc_449
281,dc_605
282,dc_8214
283,dc_6173
284,dc_707
285,dc_4512
286,dc_421
287,dc_611
288,dc_1843
289,dc_3645
290,dc_6810
291,dc_4011
292,dc_410
293,dc_137
294,dc_1361
295,dc_387
296,dc_200
297,dc_3419
298,dc_437
299,dc_1266
300,dc_15
301,dc_274
302,dc_1831
303,dc_610
304,dc_7171
305,dc_1223
306,dc_4730
307,dc_5209
308,dc_4931
309,dc_59
310,dc_7520
311,dc_6844
312,dc_1854
313,dc_7812
314,dc_6217
315,dc_6288
316,dc_5026
317,dc_3081
318,dc_4263
319,dc_1755
320,dc_144
321,dc_3501
322,dc_4915
323,dc_7849
324,dc_1282
325,dc_1562
326,dc_3180
327,dc_823
328,dc_5072
329,dc_292
330,dc_3349
331,dc_172
332,dc_444
333,dc_105
334,dc_112
335,dc_329
336,dc_1620
337,dc_448
338,dc_1252
339,dc_8337
340,dc_6201
341,dc_368
342,dc_6298
343,dc_250
344,dc_1235
345,dc_3363
346,dc_3338
347,dc_452
348,dc_3416
349,dc_1767
350,dc_5939
351,dc_210
352,dc_3607
353,dc_1836
354,dc_281
355,dc_6826
356,dc_1765
357,dc_6243
358,dc_1155
359,dc_102
360,dc_90
361,dc_7011
362,dc_6948
363,dc_1882
364,dc_4796
365,dc_4197
366,dc_696
367,dc_6654
368,dc_7299
369,dc_1871
370,dc_1681
371,dc_4567
372,dc_377
373,dc_110
374,dc_354
375,dc_1751
376,dc_4736
377,dc_1757
378,dc_6319
379,dc_3675
380,dc_2011
381,dc_1734
382,dc_4554
383,dc_1198
384,dc_25
385,dc_1869
386,dc_389
387,dc_5930
388,dc_537
389,dc_7016
390,dc_6187
391,dc_240
392,dc_1188
393,dc_1806
394,dc_1632
395,dc_1088
396,dc_420
397,dc_4760
398,dc_16
399,dc_4129
400,dc_249
401,dc_7531
402,dc_5046
403,dc_3013
404,dc_6107
405,dc_6148
406,dc_104
407,dc_10
408,dc_438
409,dc_219
410,dc_1838
411,dc_1218
412,dc_9010
413,dc_6557
414,dc_1293
415,dc_757
416,dc_120
417,dc_520
418,dc_218
419,dc_3590
420,dc_27
421,dc_1738
422,dc_1042
423,dc_5108
424,dc_1646
425,dc_1821
426,dc_91
427,dc_168
428,dc_4168
429,dc_6820
430,dc_1807
431,dc_616
432,dc_1328
433,dc_45
434,dc_60
435,dc_1658
436,dc_4987
437,dc_513
438,dc_370
439,dc_9
440,dc_4175
441,dc_564
442,dc_6670
443,dc_4403
444,dc_1853
445,dc_6426
446,dc_6293
447,dc_78
448,dc_899
449,dc_4906
450,dc_737
451,dc_7104
452,dc_4653
453,dc_1138
454,dc_7627
455,dc_7084
456,dc_254
457,dc_94
458,dc_8189
459,dc_5549
460,dc_1545
461,dc_343
462,dc_1675
463,dc_5510
464,dc_3821
465,dc_247
466,dc_3825
467,dc_4584
468,dc_6024
469,dc_34
470,dc_271
471,dc_4621
472,dc_6357
473,dc_3780
474,dc_6573
475,dc_375
476,dc_5038
477,dc_1271
478,dc_7072
479,dc_6245
480,dc_6286
481,dc_1740
482,dc_557
483,dc_615
484,dc_1463
485,dc_6018
486,dc_524
487,dc_7788
488,dc_1269
489,dc_548
490,dc_304
491,dc_9007
492,dc_314
493,dc_4847
494,dc_4099
495,dc_6847
496,dc_367
497,dc_4128
498,dc_6963
499,dc_1848
500,dc_260
501,dc_4195
502,dc_255
503,dc_130
504,dc_4808
505,dc_1288
506,dc_1189
507,dc_476
508,dc_7081
509,dc_388
510,dc_1872
511,dc_1667
512,dc_6285
513,dc_1505
514,dc_505
515,dc_1462
516,dc_486
517,dc_3297
518,dc_6946
519,dc_6959
520,dc_403
521,dc_5784
522,dc_5050
523,dc_4871
524,dc_7279
525,dc_8125
526,dc_6832
527,dc_6408
528,dc_1764
529,dc_4737
530,dc_3806
531,dc_947
532,dc_39
533,dc_1858
534,dc_1814
535,dc_3193
536,dc_6108
537,dc_1286
538,dc_1423
539,dc_7551
540,dc_5213
541,dc_2997
542,dc_7074
543,dc_7054
544,dc_1749
545,dc_4022
546,dc_323
547,dc_302
548,dc_1661
549,dc_1754
550,dc_257
551,dc_7311
552,dc_7322
553,dc_4211
554,dc_284
555,dc_1766
556,dc_569
557,dc_3574
558,dc_1351
559,dc_12
560,dc_204
561,dc_6292
562,dc_1199
563,dc_188
564,dc_5493
565,dc_7703
566,dc_7536
567,dc_7154
568,dc_7123
569,dc_1690
570,dc_1422
571,dc_46
572,dc_51
573,dc_1666
574,dc_1406
575,dc_1132
576,dc_338
577,dc_6443
578,dc_4774
579,dc_954
580,dc_6027
581,dc_5776
582,dc_6821
583,dc_7132
584,dc_5745
585,dc_1644
586,dc_5802
587,dc_1810
588,dc_5157
589,dc_1445
590,dc_7256
591,dc_11
592,dc_5062
593,dc_7125
594,dc_4163
595,dc_1172
596,dc_7922
597,dc_426
598,dc_22
599,dc_3680
600,dc_361
601,dc_1320
602,dc_423
603,dc_378
604,dc_223
605,dc_7135
606,dc_6742
607,dc_5830
608,dc_4469
609,dc_634
610,dc_4788
611,dc_4835
612,dc_7109
613,dc_4985
614,dc_5869
615,dc_1205
616,dc_203
617,dc_1179
618,dc_6429
619,dc_6564
620,dc_6914
621,dc_5060
622,dc_518
623,dc_64
624,dc_1648
625,dc_7030
626,dc_313
627,dc_3522
628,dc_4391
629,dc_1109
630,dc_3315
631,dc_575
632,dc_1862
633,dc_261
634,dc_3856
635,dc_7751
636,dc_7525
637,dc_4192
638,dc_150
639,dc_544
640,dc_4909
641,dc_600
642,dc_574
643,dc_5476
644,dc_337
645,dc_3345
646,dc_6416
647,dc_1857
648,dc_3095
649,dc_4087
650,dc_5853
651,dc_5310
652,dc_7062
653,dc_3705
654,dc_4766
655,dc_44
656,dc_413
657,dc_7434
658,dc_7537
659,dc_3375
660,dc_1389
661,dc_639
662,dc_1645
663,dc_7210
664,dc_6727
665,dc_6830
666,dc_5024
667,dc_490
668,dc_4073
669,dc_6845
670,dc_6129
671,dc_1841
672,dc_5816
673,dc_4898
674,dc_5023
675,dc_987
676,dc_1884
677,dc_5022
678,dc_1699
679,dc_7498
680,dc_7313
681,dc_7373
682,dc_7375
683,dc_7957
684,dc_6035
685,dc_241
686,dc_1161
687,dc_6646
688,dc_3408
689,dc_6236
690,dc_5099
691,dc_4812
692,dc_6105
693,dc_4338
694,dc_654
695,dc_81
696,dc_3867
697,dc_1251
698,dc_7516
699,dc_6693
700,dc_4976
701,dc_4747
702,dc_768
703,dc_4735
704,dc_3781
705,dc_6625
706,dc_416
707,dc_417
708,dc_225
709,dc_5122
710,dc_4603
711,dc_1643
712,dc_957
713,dc_1811
714,dc_4643
715,dc_594
716,dc_721
717,dc_798
718,dc_1572
719,dc_1663
720,dc_143
721,dc_4476
722,dc_555
723,dc_263
724,dc_4307
725,dc_116
726,dc_280
727,dc_593
728,dc_5703
729,dc_6644
730,dc_4364
731,dc_446
732,dc_4823
733,dc_1615
734,dc_7102
735,dc_381
736,dc_3091
737,dc_141
738,dc_3804
739,dc_359
740,dc_231
741,dc_6167
742,dc_6825
743,dc_5710
744,dc_1650
745,dc_461
746,dc_1148
747,dc_638
748,dc_1777
749,dc_3197
750,dc_7149
751,dc_38
752,dc_6574
753,dc_4562
754,dc_1465
755,dc_5829
756,dc_3266
757,dc_6296
758,dc_660
759,dc_7122
760,dc_1265
761,dc_1933
762,dc_289
763,dc_6420
764,dc_4543
765,dc_5319
766,dc_7835
767,dc_3757
768,dc_3540
769,dc_519
770,dc_531
771,dc_7933
772,dc_7278
773,dc_4227
774,dc_7058
775,dc_4982
776,dc_7368
777,dc_5171
778,dc_199
779,dc_422
780,dc_1908
781,dc_1579
782,dc_1601
783,dc_1312
784,dc_159
785,dc_3342
786,dc_3347
787,dc_1659
788,dc_1788
789,dc_131
790,dc_242
791,dc_1839
792,dc_6915
793,dc_1234
794,dc_4935
795,dc_8159
796,dc_5371
797,dc_6650
798,dc_5033
799,dc_320
800,dc_7139
801,dc_5646
802,dc_4452
803,dc_659
804,dc_1294
805,dc_690
806,dc_1305
807,dc_4155
808,dc_5889
809,dc_6941
810,dc_4289
811,dc_3087
812,dc_1664
813,dc_4958
814,dc_3839
815,dc_1135
816,dc_6944
817,dc_330
818,dc_5264
819,dc_5407
820,dc_4756
821,dc_5715
822,dc_6462
823,dc_762
824,dc_6886
825,dc_1291
826,dc_599
827,dc_1700
828,dc_3407
829,dc_485
830,dc_6295
831,dc_8071
832,dc_6294
833,dc_7265
834,dc_7567
835,dc_8210
836,dc_7283
837,dc_7338
838,dc_6925
839,dc_6246
840,dc_6290
841,dc_1674
842,dc_1478
843,dc_3802
844,dc_7258
845,dc_57
846,dc_138
847,dc_333
848,dc_3865
849,dc_1624
850,dc_1870
851,dc_1123
852,dc_4761
853,dc_472
854,dc_6166
855,dc_4602
856,dc_5178
857,dc_964
858,dc_7252
859,dc_3005
860,dc_7499
861,dc_7337
862,dc_4479
863,dc_565
864,dc_5509
865,dc_1640
866,dc_7270
867,dc_7558
868,dc_5143
869,dc_4652
870,dc_527
871,dc_1583
872,dc_3849
873,dc_1242
874,dc_1774
875,dc_41
876,dc_6056
877,dc_69
878,dc_559
879,dc_67
880,dc_2044
881,dc_1993
882,dc_406
883,dc_4252
884,dc_1627
885,dc_1433
886,dc_6401
887,dc_6383
888,dc_4726
889,dc_5614
890,dc_6763
891,dc_121
892,dc_5101
893,dc_4309
894,dc_1255
895,dc_6368
896,dc_26
897,dc_901
898,dc_7275
899,dc_3610
900,dc_1356
901,dc_1358
902,dc_1359
903,dc_3194
904,dc_7832
905,dc_7330
906,dc_7077
907,dc_6253
908,dc_1662
909,dc_321
910,dc_4820
911,dc_514
912,dc_553
913,dc_802
914,dc_382
915,dc_177
916,dc_3187
917,dc_608
918,dc_6225
919,dc_2045
920,dc_4203
921,dc_3072
922,dc_3018
923,dc_5573
924,dc_3926
925,dc_1195
926,dc_6724
927,dc_7504
928,dc_7056
929,dc_4981
930,dc_2984
931,dc_1007
932,dc_1476
933,dc_311
934,dc_5612
935,dc_3288
936,dc_4388
937,dc_98
938,dc_1705
939,dc_5940
940,dc_5958
941,dc_6927
942,dc_4918
943,dc_811
944,dc_1634
945,dc_7078
946,dc_4585
947,dc_1187
948,dc_7614
949,dc_7634
950,dc_9028
951,dc_4361
952,dc_5137
953,dc_1698
954,dc_522
955,dc_1440
956,dc_4017
957,dc_1820
958,dc_1067
959,dc_6800
960,dc_3571
961,dc_267
962,dc_6049
963,dc_1608
964,dc_7170
965,dc_1828
966,dc_5003
967,dc_209
968,dc_717
969,dc_207
970,dc_198
971,dc_5860
972,dc_6806
973,dc_4455
974,dc_376
975,dc_5511
976,dc_465
977,dc_1878
978,dc_310
979,dc_3855
980,dc_1677
981,dc_1375
982,dc_156
983,dc_1329
984,dc_7
985,dc_4717
986,dc_443
987,dc_925
988,dc_1230
989,dc_9009
990,dc_8012
991,dc_7280
992,dc_7282
993,dc_7602
994,dc_7617
995,dc_7411
996,dc_7064
997,dc_6405
998,dc_7250
999,dc_4478
1000,dc_7326
1001,dc_303
1002,dc_691
1003,dc_185
1004,dc_74
1005,dc_471
1006,dc_649
1007,dc_427
1008,dc_5726
1009,dc_1477
1010,dc_1382
1011,dc_1084
1012,dc_6675
1013,dc_4144
1014,dc_1618
1015,dc_173
1016,dc_5877
1017,dc_6131
1018,dc_589
1019,dc_6828
1020,dc_3737
1021,dc_4876
1022,dc_70
1023,dc_5380
1024,dc_7454
1025,dc_7245
1026,dc_7247
1027,dc_6399
1028,dc_4466
1029,dc_4832
1030,dc_415
1031,dc_5167
1032,dc_157
1033,dc_1904
1034,dc_3563
1035,dc_1374
1036,dc_1410
1037,dc_1559
1038,dc_6734
1039,dc_6799
1040,dc_1168
1041,dc_4542
1042,dc_140
1043,dc_5075
1044,dc_4344
1045,dc_981
1046,dc_506
1047,dc_3430
1048,dc_3188
1049,dc_7216
1050,dc_7238
1051,dc_7094
1052,dc_3298
1053,dc_414
1054,dc_3240
1055,dc_82
1056,dc_5570
1057,dc_5382
1058,dc_7093
1059,dc_4641
1060,dc_3401
1061,dc_4886
1062,dc_6232
1063,dc_4574
1064,dc_4319
1065,dc_5394
1066,dc_4922
1067,dc_315
1068,dc_6300
1069,dc_3305
1070,dc_552
1071,dc_1804
1072,dc_1805
1073,dc_3330
1074,dc_87
1075,dc_7293
1076,dc_412
1077,dc_18
1078,dc_5155
1079,dc_8038
1080,dc_8117
1081,dc_7458
1082,dc_7263
1083,dc_7528
1084,dc_7553
1085,dc_7304
1086,dc_7612
1087,dc_7621
1088,dc_7088
1089,dc_3603
1090,dc_4297
1091,dc_4930
1092,dc_3834
1093,dc_841
1094,dc_962
1095,dc_162
1096,dc_1012
1097,dc_4427
1098,dc_1466
1099,dc_5818
1100,dc_5278
1101,dc_511
1102,dc_3851
1103,dc_365
1104,dc_5538
1105,dc_4919
1106,dc_803
1107,dc_4221
1108,dc_5878
1109,dc_1302
1110,dc_142
1111,dc_3816
1112,dc_1770
1113,dc_5004
1114,dc_1907
1115,dc_560
1116,dc_561
1117,dc_1512
1118,dc_4213
1119,dc_6033
1120,dc_101
1121,dc_5772
1122,dc_1083
1123,dc_872
1124,dc_941
1125,dc_1245
1126,dc_6154
1127,dc_6250
1128,dc_6324
1129,dc_6394
1130,dc_6142
1131,dc_5647
1132,dc_1184
1133,dc_3354
1134,dc_1737
1135,dc_3282
1136,dc_325
1137,dc_7033
1138,dc_7349
1139,dc_3783
1140,dc_1119
1141,dc_3973
1142,dc_5326
1143,dc_5671
1144,dc_1321
1145,dc_5109
1146,dc_65
1147,dc_1191
1148,dc_4105
1149,dc_5152
1150,dc_7762
1151,dc_7508
1152,dc_7269
1153,dc_7526
1154,dc_7312
1155,dc_7878
1156,dc_6851
1157,dc_1847
1158,dc_4437
1159,dc_2029
1160,dc_4205
1161,dc_790
1162,dc_5528
1163,dc_1296
1164,dc_4159
1165,dc_5705
1166,dc_1501
1167,dc_1710
1168,dc_1569
1169,dc_661
1170,dc_6223
1171,dc_6021
1172,dc_1209
1173,dc_670
1174,dc_5440
1175,dc_4196
1176,dc_1345
1177,dc_7502
1178,dc_7113
1179,dc_7138
1180,dc_306
1181,dc_3696
1182,dc_3979
1183,dc_4590
1184,dc_7024
1185,dc_7419
1186,dc_6772
1187,dc_1498
1188,dc_3872
1189,dc_1761
1190,dc_6068
1191,dc_3901
1192,dc_5192
1193,dc_117
1194,dc_5678
1195,dc_178
1196,dc_1363
1197,dc_2026
1198,dc_5494
1199,dc_5578
1200,dc_6521
1201,dc_1597
1202,dc_1827
1203,dc_635
1204,dc_147
1205,dc_1279
1206,dc_532
1207,dc_49
1208,dc_326
1209,dc_1726
1210,dc_3874
1211,dc_3015
1212,dc_5358
1213,dc_5349
1214,dc_8077
1215,dc_7836
1216,dc_7891
1217,dc_9011
1218,dc_7485
1219,dc_8011
1220,dc_7521
1221,dc_7031
1222,dc_7325
1223,dc_6943
1224,dc_7021
1225,dc_6077
1226,dc_5233
1227,dc_4443
1228,dc_3886
1229,dc_350
1230,dc_3686
1231,dc_5079
1232,dc_4518
1233,dc_4690
1234,dc_1809
1235,dc_429
1236,dc_4805
1237,dc_609
1238,dc_5763
1239,dc_2002
1240,dc_694
1241,dc_4538
1242,dc_1110
1243,dc_453
1244,dc_6923
1245,dc_4707
1246,dc_135
1247,dc_3530
1248,dc_3778
1249,dc_6282
1250,dc_276
1251,dc_1830
1252,dc_5045
1253,dc_521
1254,dc_1488
1255,dc_4321
1256,dc_319
1257,dc_4150
1258,dc_4436
1259,dc_686
1260,dc_6172
1261,dc_6459
1262,dc_6287
1263,dc_6200
1264,dc_5179
1265,dc_1688
1266,dc_624
1267,dc_698
1268,dc_1141
1269,dc_753
1270,dc_322
1271,dc_7205
1272,dc_7114
1273,dc_7140
1274,dc_1852
1275,dc_3543
1276,dc_3509
1277,dc_3438
1278,dc_1231
1279,dc_1278
1280,dc_606
1281,dc_4242
1282,dc_4991
1283,dc_3733
1284,dc_4791
1285,dc_335
1286,dc_291
1287,dc_631
1288,dc_3518
1289,dc_1364
1290,dc_1927
1291,dc_7967
1292,dc_8003
1293,dc_7618
1294,dc_6406
1295,dc_6711
1296,dc_6516
1297,dc_4323
1298,dc_5208
1299,dc_793
1300,dc_344
1301,dc_940
1302,dc_3030
1303,dc_568
1304,dc_5883
1305,dc_1487
1306,dc_1652
1307,dc_5801
1308,dc_3660
1309,dc_6575
1310,dc_3507
1311,dc_5327
1312,dc_795
1313,dc_4006
1314,dc_99
1315,dc_7281
1316,dc_1005
1317,dc_1614
1318,dc_1264
1319,dc_7296
1320,dc_650
1321,dc_5340
1322,dc_5567
1323,dc_7070
1324,dc_598
1325,dc_239
1326,dc_1438
1327,dc_1442
1328,dc_7954
1329,dc_8533
1330,dc_1868
1331,dc_1003
1332,dc_1752
1333,dc_5123
1334,dc_501
1335,dc_6947
1336,dc_6543
1337,dc_6371
1338,dc_80
1339,dc_973
1340,dc_1554
1341,dc_474
1342,dc_5516
1343,dc_5316
1344,dc_5406
1345,dc_1495
1346,dc_4997
1347,dc_6379
1348,dc_785
1349,dc_439
1350,dc_1735
1351,dc_3512
1352,dc_3526
1353,dc_3098
1354,dc_3726
1355,dc_1651
1356,dc_113
1357,dc_1403
1358,dc_3039
1359,dc_4527
1360,dc_356
1361,dc_386
1362,dc_265
1363,dc_5147
1364,dc_7101
1365,dc_392
1366,dc_1367
1367,dc_3466
1368,dc_1298
1369,dc_7780
1370,dc_7795
1371,dc_7802
1372,dc_7807
1373,dc_7890
1374,dc_7436
1375,dc_8229
1376,dc_7257
1377,dc_7320
1378,dc_7636
1379,dc_7637
1380,dc_7401
1381,dc_7046
1382,dc_6822
1383,dc_6194
1384,dc_6212
1385,dc_6571
1386,dc_6381
1387,dc_6559
1388,dc_6600
1389,dc_6604
1390,dc_1817
1391,dc_1880
1392,dc_6961
1393,dc_3670
1394,dc_7518
1395,dc_7869
1396,dc_4054
1397,dc_3558
1398,dc_5224
1399,dc_5084
1400,dc_362
1401,dc_371
1402,dc_773
1403,dc_4405
1404,dc_583
1405,dc_3385
1406,dc_1127
1407,dc_5513
1408,dc_5425
1409,dc_5487
1410,dc_1338
1411,dc_3265
1412,dc_3905
1413,dc_4974
1414,dc_1016
1415,dc_665
1416,dc_4171
1417,dc_4618
1418,dc_385
1419,dc_935
1420,dc_4404
1421,dc_4815
1422,dc_214
1423,dc_5994
1424,dc_1261
1425,dc_1457
1426,dc_68
1427,dc_5217
1428,dc_1492
1429,dc_6272
1430,dc_2022
1431,dc_212
1432,dc_4290
1433,dc_1062
1434,dc_1159
1435,dc_5361
1436,dc_5176
1437,dc_577
1438,dc_5421
1439,dc_6680
1440,dc_6804
1441,dc_3490
1442,dc_5649
1443,dc_1153
1444,dc_5096
1445,dc_4634
1446,dc_4687
1447,dc_5820
1448,dc_4984
1449,dc_1750
1450,dc_397
1451,dc_3176
1452,dc_7071
1453,dc_6332
1454,dc_7363
1455,dc_7136
1456,dc_4773
1457,dc_4869
1458,dc_301
1459,dc_1934
1460,dc_202
1461,dc_642
1462,dc_1482
1463,dc_523
1464,dc_5125
1465,dc_905
1466,dc_3410
1467,dc_4439
1468,dc_3746
1469,dc_4560
1470,dc_8682
1471,dc_5631
1472,dc_5452
1473,dc_3339
1474,dc_1948
1475,dc_4028
1476,dc_4705
1477,dc_466
1478,dc_1481
1479,dc_7430
1480,dc_7517
1481,dc_7542
1482,dc_7394
1483,dc_7395
1484,dc_7495
1485,dc_6430
1486,dc_6431
1487,dc_6207
1488,dc_6242
1489,dc_6085
1490,dc_6086
1491,dc_1819
1492,dc_3731
1493,dc_2993
1494,dc_55
1495,dc_5211
1496,dc_4449
1497,dc_4662
1498,dc_5385
1499,dc_4861
1500,dc_1050
1501,dc_4147
1502,dc_463
1503,dc_1959
1504,dc_5359
1505,dc_700
1506,dc_2027
1507,dc_1001
1508,dc_3103
1509,dc_3046
1510,dc_1259
1511,dc_394
1512,dc_3323
1513,dc_7188
1514,dc_7043
1515,dc_4501
1516,dc_233
1517,dc_4050
1518,dc_7244
1519,dc_7298
1520,dc_7308
1521,dc_7073
1522,dc_4681
1523,dc_4278
1524,dc_1779
1525,dc_1628
1526,dc_4049
1527,dc_1289
1528,dc_667
1529,dc_6490
1530,dc_916
1531,dc_264
1532,dc_164
1533,dc_440
1534,dc_6114
1535,dc_308
1536,dc_286
1537,dc_3471
1538,dc_554
1539,dc_166
1540,dc_3523
1541,dc_3107
1542,dc_1578
1543,dc_1609
1544,dc_3524
1545,dc_646
1546,dc_647
1547,dc_680
1548,dc_4811
1549,dc_3178
1550,dc_3693
1551,dc_1940
1552,dc_1775
1553,dc_3449
1554,dc_1443
1555,dc_5456
1556,dc_4
1557,dc_73
1558,dc_278
1559,dc_3059
1560,dc_277
1561,dc_1069
1562,dc_1953
1563,dc_3904
1564,dc_970
1565,dc_3437
1566,dc_300
1567,dc_5892
1568,dc_5389
1569,dc_1183
1570,dc_8285
1571,dc_7704
1572,dc_8055
1573,dc_7844
1574,dc_7883
1575,dc_7930
1576,dc_7696
1577,dc_8216
1578,dc_7966
1579,dc_7246
1580,dc_7514
1581,dc_7266
1582,dc_7534
1583,dc_7305
1584,dc_7584
1585,dc_7142
1586,dc_7666
1587,dc_6741
1588,dc_7515
1589,dc_7307
1590,dc_6156
1591,dc_6248
1592,dc_6508
1593,dc_6093
1594,dc_4387
1595,dc_6507
1596,dc_3531
1597,dc_6028
1598,dc_5031
1599,dc_3760
1600,dc_5971
1601,dc_2013
1602,dc_6
1603,dc_4657
1604,dc_4464
1605,dc_305
1606,dc_4336
1607,dc_357
1608,dc_3255
1609,dc_5804
1610,dc_1128
1611,dc_3486
1612,dc_697
1613,dc_3601
1614,dc_3864
1615,dc_4181
1616,dc_614
1617,dc_3857
1618,dc_550
1619,dc_3671
1620,dc_853
1621,dc_4807
1622,dc_1593
1623,dc_3940
1624,dc_4872
1625,dc_7541
1626,dc_7354
1627,dc_4335
1628,dc_5
1629,dc_3896
1630,dc_1971
1631,dc_1850
1632,dc_671
1633,dc_684
1634,dc_4029
1635,dc_1437
1636,dc_5061
1637,dc_3024
1638,dc_5040
1639,dc_3803
1640,dc_6880
1641,dc_6120
1642,dc_8507
1643,dc_346
1644,dc_3690
1645,dc_3724
1646,dc_3017
1647,dc_5786
1648,dc_1354
1649,dc_5541
1650,dc_252
1651,dc_4694
1652,dc_4825
1653,dc_6442
1654,dc_6449
1655,dc_6203
1656,dc_6529
1657,dc_6581
1658,dc_6112
1659,dc_5163
1660,dc_9021
1661,dc_5191
1662,dc_1695
1663,dc_618
1664,dc_590
1665,dc_5404
1666,dc_5911
1667,dc_5259
1668,dc_3753
1669,dc_5286
1670,dc_3135
1671,dc_791
1672,dc_4693
1673,dc_5672
1674,dc_570
1675,dc_1529
1676,dc_1556
1677,dc_6771
1678,dc_7069
1679,dc_7350
1680,dc_7162
1681,dc_7682
1682,dc_6414
1683,dc_7261
1684,dc_7090
1685,dc_7107
1686,dc_7131
1687,dc_7137
1688,dc_1813
1689,dc_5017
1690,dc_4655
1691,dc_4085
1692,dc_1625
1693,dc_1526
1694,dc_28
1695,dc_5203
1696,dc_84
1697,dc_106
1698,dc_4440
1699,dc_3842
1700,dc_4386
1701,dc_3715
1702,dc_6794
1703,dc_4009
1704,dc_4666
1705,dc_3189
1706,dc_1543
1707,dc_833
1708,dc_4803
1709,dc_5831
1710,dc_5582
1711,dc_3572
1712,dc_5375
1713,dc_7976
1714,dc_7469
1715,dc_7995
1716,dc_7488
1717,dc_7775
1718,dc_7267
1719,dc_7018
1720,dc_7669
1721,dc_6452
1722,dc_6397
1723,dc_1829
1724,dc_1874
1725,dc_7684
1726,dc_3269
1727,dc_3238
1728,dc_3201
1729,dc_3008
1730,dc_3151
1731,dc_576
1732,dc_1273
1733,dc_4753
1734,dc_464
1735,dc_4056
1736,dc_5090
1737,dc_5190
1738,dc_876
1739,dc_4070
1740,dc_243
1741,dc_1655
1742,dc_5370
1743,dc_2006
1744,dc_601
1745,dc_503
1746,dc_6220
1747,dc_4965
1748,dc_6856
1749,dc_6655
1750,dc_348
1751,dc_351
1752,dc_5139
1753,dc_4187
1754,dc_4828
1755,dc_4844
1756,dc_1551
1757,dc_5735
1758,dc_533
1759,dc_563
1760,dc_273
1761,dc_1372
1762,dc_5692
1763,dc_6945
1764,dc_7212
1765,dc_7003
1766,dc_8175
1767,dc_1879
1768,dc_4511
1769,dc_3583
1770,dc_4265
1771,dc_8235
1772,dc_5439
1773,dc_1546
1774,dc_3435
1775,dc_1533
1776,dc_1290
1777,dc_1626
1778,dc_4044
1779,dc_1134
1780,dc_5711
1781,dc_6413
1782,dc_6421
1783,dc_6214
1784,dc_6579
1785,dc_6069
1786,dc_6127
1787,dc_96
1788,dc_9000
1789,dc_664
1790,dc_685
1791,dc_3600
1792,dc_54
1793,dc_4938
1794,dc_1206
1795,dc_1743
1796,dc_1237
1797,dc_4474
1798,dc_4837
1799,dc_5755
1800,dc_812
1801,dc_4193
1802,dc_4988
1803,dc_4778
1804,dc_6577
1805,dc_445
1806,dc_40
1807,dc_5725
1808,dc_3069
1809,dc_4367
1810,dc_573
1811,dc_4372
1812,dc_1877
1813,dc_3915
1814,dc_163
1815,dc_1070
1816,dc_1107
1817,dc_633
1818,dc_5653
1819,dc_3892
1820,dc_7251
1821,dc_3796
1822,dc_3405
1823,dc_3425
1824,dc_363
1825,dc_3225
1826,dc_1475
1827,dc_3
1828,dc_4689
1829,dc_6489
1830,dc_5214
1831,dc_126
1832,dc_5486
1833,dc_5655
1834,dc_1630
1835,dc_4548
1836,dc_224
1837,dc_1015
1838,dc_253
1839,dc_5983
1840,dc_587
1841,dc_699
1842,dc_5592
1843,dc_4905
1844,dc_1240
1845,dc_3580
1846,dc_595
1847,dc_5355
1848,dc_5945
1849,dc_5700
1850,dc_5457
1851,dc_8043
1852,dc_8054
1853,dc_7801
1854,dc_7819
1855,dc_8076
1856,dc_7825
1857,dc_8092
1858,dc_7715
1859,dc_7982
1860,dc_7486
1861,dc_7748
1862,dc_7782
1863,dc_7273
1864,dc_7532
1865,dc_7277
1866,dc_7310
1867,dc_7886
1868,dc_7659
1869,dc_7417
1870,dc_7198
1871,dc_7243
1872,dc_7121
1873,dc_6889
1874,dc_6169
1875,dc_4471
1876,dc_3520
1877,dc_1866
1878,dc_1981
1879,dc_3560
1880,dc_3570
1881,dc_3869
1882,dc_1638
1883,dc_1999
1884,dc_123
1885,dc_4818
1886,dc_4637
1887,dc_4435
1888,dc_1117
1889,dc_968
1890,dc_526
1891,dc_1353
1892,dc_1384
1893,dc_3812
1894,dc_1549
1895,dc_1558
1896,dc_3033
1897,dc_5927
1898,dc_3324
1899,dc_4374
1900,dc_3108
1901,dc_3452
1902,dc_4943
1903,dc_1720
1904,dc_982
1905,dc_961
1906,dc_1018
1907,dc_722
1908,dc_4990
1909,dc_898
1910,dc_174
1911,dc_4047
1912,dc_6617
1913,dc_4678
1914,dc_4710
1915,dc_4238
1916,dc_3868
1917,dc_1747
1918,dc_1776
1919,dc_5356
1920,dc_3960
1921,dc_4229
1922,dc_5737
1923,dc_1407
1924,dc_4384
1925,dc_1844
1926,dc_4933
1927,dc_3720
1928,dc_5029
1929,dc_3533
1930,dc_3641
1931,dc_4251
1932,dc_1509
1933,dc_5131
1934,dc_1011
1935,dc_5334
1936,dc_1486
1937,dc_4173
1938,dc_4438
1939,dc_3734
1940,dc_6558
1941,dc_6412
1942,dc_952
1943,dc_517
1944,dc_4649
1945,dc_879
1946,dc_4775
1947,dc_235
1948,dc_5931
1949,dc_1167
1950,dc_4914
1951,dc_3146
1952,dc_5351
1953,dc_6149
1954,dc_6176
1955,dc_6722
1956,dc_6061
1957,dc_6063
1958,dc_6078
1959,dc_6384
1960,dc_5223
1961,dc_119
1962,dc_4357
1963,dc_4510
1964,dc_745
1965,dc_5716
1966,dc_56
1967,dc_4725
1968,dc_5645
1969,dc_4470
1970,dc_3965
1971,dc_3985
1972,dc_1736
1973,dc_3829
1974,dc_1322
1975,dc_3433
1976,dc_5285
1977,dc_858
1978,dc_4305
1979,dc_7034
1980,dc_4508
1981,dc_7315
1982,dc_7206
1983,dc_7214
1984,dc_7220
1985,dc_7235
1986,dc_2036
1987,dc_1099
1988,dc_846
1989,dc_4485
1990,dc_5283
1991,dc_5374
1992,dc_1311
1993,dc_3273
1994,dc_5187
1995,dc_5204
1996,dc_6486
1997,dc_3468
1998,dc_1499
1999,dc_3066
2000,dc_1248
2001,dc_5767
2002,dc_4900
2003,dc_5962
2004,dc_6748
2005,dc_6765
2006,dc_6267
2007,dc_1416
2008,dc_1417
2009,dc_1196
2010,dc_4553
2011,dc_1308
2012,dc_1653
2013,dc_1923
2014,dc_6283
2015,dc_2004
2016,dc_4053
2017,dc_1756
2018,dc_1316
2019,dc_4399
2020,dc_4225
2021,dc_1514
2022,dc_4874
2023,dc_4692
2024,dc_4854
2025,dc_1449
2026,dc_1454
2027,dc_5377
2028,dc_1573
2029,dc_8195
2030,dc_6940
2031,dc_7462
2032,dc_7998
2033,dc_8002
2034,dc_7757
2035,dc_7519
2036,dc_7268
2037,dc_7785
2038,dc_7533
2039,dc_7554
2040,dc_7321
2041,dc_7389
2042,dc_7396
2043,dc_7660
2044,dc_6184
2045,dc_6910
2046,dc_4916
2047,dc_4937
2048,dc_3304
2049,dc_13
2050,dc_4378
2051,dc_1065
2052,dc_5198
2053,dc_5221
2054,dc_5227
2055,dc_3704
2056,dc_5082
2057,dc_259
2058,dc_4629
2059,dc_4329
2060,dc_1299
2061,dc_5518
2062,dc_5751
2063,dc_3653
2064,dc_3640
2065,dc_270
2066,dc_3994
2067,dc_1185
2068,dc_3921
2069,dc_3692
2070,dc_3971
2071,dc_3264
2072,dc_4107
2073,dc_334
2074,dc_3517
2075,dc_3142
2076,dc_3317
2077,dc_6424
2078,dc_3638
2079,dc_5947
2080,dc_6465
2081,dc_6729
2082,dc_8557
2083,dc_6787
2084,dc_6792
2085,dc_6301
2086,dc_6623
2087,dc_6881
2088,dc_7404
2089,dc_4668
2090,dc_4426
2091,dc_341
2092,dc_5704
2093,dc_3585
2094,dc_3594
2095,dc_4675
2096,dc_7051
2097,dc_5138
2098,dc_5165
2099,dc_3505
2100,dc_1277
2101,dc_5479
2102,dc_7181
2103,dc_7192
2104,dc_7200
2105,dc_6969
2106,dc_7000
2107,dc_7005
2108,dc_7008
2109,dc_6837
2110,dc_7108
2111,dc_8150
2112,dc_3357
2113,dc_4460
2114,dc_7403
2115,dc_4422
2116,dc_682
2117,dc_966
2118,dc_3568
2119,dc_3126
2120,dc_1432
2121,dc_5610
2122,dc_7146
2123,dc_1855
2124,dc_5627
2125,dc_5746
2126,dc_5787
2127,dc_3175
2128,dc_1519
2129,dc_4233
2130,dc_967
2131,dc_1054
2132,dc_1073
2133,dc_4581
2134,dc_1599
2135,dc_640
2136,dc_1903
2137,dc_4475
2138,dc_7052
2139,dc_1723
2140,dc_1759
2141,dc_1394
2142,dc_1400
2143,dc_5628
2144,dc_5938
2145,dc_545
2146,dc_551
2147,dc_3220
2148,dc_5814
2149,dc_6660
2150,dc_6691
2151,dc_6454
2152,dc_6710
2153,dc_6509
2154,dc_6793
2155,dc_6551
2156,dc_6862
2157,dc_6139
2158,dc_4366
2159,dc_4627
2160,dc_128
2161,dc_1692
2162,dc_5085
2163,dc_619
2164,dc_1530
2165,dc_1284
2166,dc_4875
2167,dc_4172
2168,dc_287
2169,dc_298
2170,dc_221
2171,dc_1010
2172,dc_4095
2173,dc_1348
2174,dc_3446
2175,dc_3223
2176,dc_3284
2177,dc_5782
2178,dc_5813
2179,dc_6668
2180,dc_4940
2181,dc_4945
2182,dc_6552
2183,dc_4785
2184,dc_6118
2185,dc_1660
2186,dc_5274
2187,dc_192
2188,dc_3101
2189,dc_3138
2190,dc_8264
2191,dc_5019
2192,dc_4899
2193,dc_3707
2194,dc_5043
2195,dc_4293
2196,dc_666
2197,dc_5081
2198,dc_735
2199,dc_3554
2200,dc_739
2201,dc_975
2202,dc_6583
2203,dc_4024
2204,dc_1744
2205,dc_1772
2206,dc_1303
2207,dc_1386
2208,dc_3183
2209,dc_1341
2210,dc_1452
2211,dc_1467
2212,dc_4039
2213,dc_3528
2214,dc_3800
2215,dc_5028
2216,dc_1552
2217,dc_5309
2218,dc_272
2219,dc_840
2220,dc_887
2221,dc_5896
2222,dc_1224
2223,dc_4630
2224,dc_366
2225,dc_407
2226,dc_5673
2227,dc_5445
2228,dc_558
2229,dc_3758
2230,dc_5410
2231,dc_3651
2232,dc_692
2233,dc_3513
2234,dc_746
2235,dc_4927
2236,dc_1186
2237,dc_1268
2238,dc_3398
2239,dc_1390
2240,dc_1473
2241,dc_3799
2242,dc_3390
2243,dc_612
2244,dc_5398
2245,dc_1592
2246,dc_5779
2247,dc_5424
2248,dc_8795
2249,dc_7705
2250,dc_7977
2251,dc_7800
2252,dc_7545
2253,dc_7572
2254,dc_8093
2255,dc_8115
2256,dc_7889
2257,dc_8151
2258,dc_7910
2259,dc_7934
2260,dc_7451
2261,dc_7467
2262,dc_7471
2263,dc_7473
2264,dc_8008
2265,dc_7264
2266,dc_7781
2267,dc_7573
2268,dc_7866
2269,dc_7870
2270,dc_7380
2271,dc_7643
2272,dc_7390
2273,dc_7647
2274,dc_7397
2275,dc_7655
2276,dc_7400
2277,dc_7150
2278,dc_7674
2279,dc_7182
2280,dc_7961
2281,dc_6970
2282,dc_8263
2283,dc_6988
2284,dc_7505
2285,dc_6997
2286,dc_7529
2287,dc_7286
2288,dc_7060
2289,dc_7344
2290,dc_7859
2291,dc_7099
2292,dc_6060
2293,dc_6605
2294,dc_6606
2295,dc_8999
2296,dc_4402
2297,dc_6754
2298,dc_6255
2299,dc_4226
2300,dc_6540
2301,dc_6038
2302,dc_6649
2303,dc_3630
2304,dc_4167
2305,dc_4169
2306,dc_4347
2307,dc_3838
2308,dc_1631
2309,dc_1893
2310,dc_1931
2311,dc_7314
2312,dc_5200
2313,dc_4230
2314,dc_145
2315,dc_4273
2316,dc_4062
2317,dc_4639
2318,dc_4755
2319,dc_4259
2320,dc_181
2321,dc_4849
2322,dc_246
2323,dc_1789
2324,dc_781
2325,dc_373
2326,dc_391
2327,dc_442
2328,dc_3259
2329,dc_6030
2330,dc_5115
2331,dc_596
2332,dc_3639
2333,dc_1542
2334,dc_3027
2335,dc_5367
2336,dc_5925
2337,dc_1164
2338,dc_5400
2339,dc_5828
2340,dc_5243
2341,dc_1309
2342,dc_597
2343,dc_369
2344,dc_3022
2345,dc_3054
2346,dc_4493
2347,dc_1459
2348,dc_702
2349,dc_3536
2350,dc_3331
2351,dc_1333
2352,dc_5536
2353,dc_535
2354,dc_868
2355,dc_500
2356,dc_800
2357,dc_5686
2358,dc_1428
2359,dc_197
2360,dc_4667
2361,dc_316
2362,dc_1151
2363,dc_1283
2364,dc_5651
2365,dc_5201
2366,dc_4696
2367,dc_7053
2368,dc_4857
2369,dc_4734
2370,dc_1439
2371,dc_1792
2372,dc_3348
2373,dc_3372
2374,dc_3951
2375,dc_1941
2376,dc_1950
2377,dc_3399
2378,dc_1373
2379,dc_1385
2380,dc_546
2381,dc_3643
2382,dc_3953
2383,dc_1193
2384,dc_4161
2385,dc_4932
2386,dc_4503
2387,dc_1085
2388,dc_729
2389,dc_2018
2390,dc_581
2391,dc_5069
2392,dc_4322
2393,dc_3382
2394,dc_3459
2395,dc_6707
2396,dc_4967
2397,dc_6537
2398,dc_6858
2399,dc_6103
2400,dc_1076
2401,dc_358
2402,dc_4291
2403,dc_3846
2404,dc_3157
2405,dc_4014
2406,dc_1461
2407,dc_5660
2408,dc_3291
2409,dc_4588
2410,dc_4650
2411,dc_4683
2412,dc_1636
2413,dc_871
2414,dc_1896
2415,dc_1292
2416,dc_1275
2417,dc_6407
2418,dc_6180
2419,dc_6965
2420,dc_6468
2421,dc_6216
2422,dc_6218
2423,dc_6817
2424,dc_6566
2425,dc_8870
2426,dc_6367
2427,dc_8160
2428,dc_6653
2429,dc_850
2430,dc_1691
2431,dc_1694
2432,dc_950
2433,dc_3616
2434,dc_1106
2435,dc_604
2436,dc_3937
2437,dc_3942
2438,dc_620
2439,dc_5654
2440,dc_5521
2441,dc_5467
2442,dc_1570
2443,dc_1415
2444,dc_3742
2445,dc_6671
2446,dc_114
2447,dc_4507
2448,dc_759
2449,dc_5919
2450,dc_1913
2451,dc_4048
2452,dc_1343
2453,dc_3415
2454,dc_1581
2455,dc_4721
2456,dc_5722
2457,dc_5728
2458,dc_47
2459,dc_3575
2460,dc_5760
2461,dc_5436
2462,dc_7300
2463,dc_1989
2464,dc_6951
2465,dc_6971
2466,dc_7240
2467,dc_6989
2468,dc_7501
2469,dc_7028
2470,dc_7306
2471,dc_7342
2472,dc_6833
2473,dc_7348
2474,dc_7105
2475,dc_7120
2476,dc_7166
2477,dc_4146
2478,dc_1875
2479,dc_4453
2480,dc_4137
2481,dc_4143
2482,dc_4992
2483,dc_180
2484,dc_4389
2485,dc_571
2486,dc_5936
2487,dc_1587
2488,dc_1610
2489,dc_3395
2490,dc_4572
2491,dc_512
2492,dc_4352
2493,dc_525
2494,dc_4830
2495,dc_5249
2496,dc_1815
2497,dc_48
2498,dc_72
2499,dc_912
2500,dc_1704
2501,dc_2023
2502,dc_3359
2503,dc_3381
2504,dc_4149
2505,dc_63
2506,dc_5741
2507,dc_1146
2508,dc_4140
2509,dc_3948
2510,dc_6769
2511,dc_6270
2512,dc_3738
2513,dc_6811
2514,dc_6089
2515,dc_4660
2516,dc_4669
2517,dc_4684
2518,dc_405
2519,dc_1435
2520,dc_1324
2521,dc_1580
2522,dc_1612
2523,dc_1274
2524,dc_625
2525,dc_655
2526,dc_932
2527,dc_683
2528,dc_1656
2529,dc_3939
2530,dc_3455
2531,dc_1497
2532,dc_3289
2533,dc_4122
2534,dc_824
2535,dc_4080
2536,dc_5888
2537,dc_5740
2538,dc_5507
2539,dc_4880
2540,dc_530
2541,dc_1079
2542,dc_1208
2543,dc_1574
2544,dc_3122
2545,dc_658
2546,dc_5413
2547,dc_7424
2548,dc_7968
2549,dc_7483
2550,dc_7742
2551,dc_7253
2552,dc_7254
2553,dc_8278
2554,dc_7255
2555,dc_7512
2556,dc_7523
2557,dc_7274
2558,dc_7820
2559,dc_7057
2560,dc_7850
2561,dc_7858
2562,dc_7605
2563,dc_7862
2564,dc_7628
2565,dc_7141
2566,dc_7143
2567,dc_7665
2568,dc_7412
2569,dc_7672
2570,dc_7510
2571,dc_7860
2572,dc_6227
2573,dc_6545
2574,dc_6052
2575,dc_6565
2576,dc_6059
2577,dc_6578
2578,dc_6337
2579,dc_6603
2580,dc_6871
2581,dc_6361
2582,dc_6365
2583,dc_6382
2584,dc_6643
2585,dc_6390
2586,dc_6652
2587,dc_3843
2588,dc_5963
2589,dc_7358
2590,dc_4363
2591,dc_4373
2592,dc_4379
2593,dc_76
2594,dc_4214
2595,dc_133
2596,dc_158
2597,dc_4831
2598,dc_6918
2599,dc_324
2600,dc_963
2601,dc_456
2602,dc_676
2603,dc_1369
2604,dc_3480
2605,dc_1496
2606,dc_4429
2607,dc_5478
2608,dc_5817
2609,dc_1500
2610,dc_3788
2611,dc_1246
2612,dc_769
2613,dc_770
2614,dc_3766
2615,dc_4795
2616,dc_980
2617,dc_469
2618,dc_5086
2619,dc_765
2620,dc_5455
2621,dc_4722
2622,dc_4524
2623,dc_215
2624,dc_4081
2625,dc_1166
2626,dc_5006
2627,dc_1254
2628,dc_3845
2629,dc_3374
2630,dc_4043
2631,dc_3578
2632,dc_3181
2633,dc_1323
2634,dc_1611
2635,dc_5412
2636,dc_6195
2637,dc_6210
2638,dc_3661
2639,dc_6477
2640,dc_6755
2641,dc_6798
2642,dc_6802
2643,dc_6050
2644,dc_6057
2645,dc_4783
2646,dc_6592
2647,dc_6629
2648,dc_5924
2649,dc_5928
2650,dc_4863
2651,dc_4106
2652,dc_4980
2653,dc_1521
2654,dc_5581
2655,dc_578
2656,dc_1336
2657,dc_3958
2658,dc_1228
2659,dc_5533
2660,dc_5807
2661,dc_7180
2662,dc_7952
2663,dc_7232
2664,dc_6984
2665,dc_7503
2666,dc_7015
2667,dc_7080
2668,dc_7352
2669,dc_7364
2670,dc_7153
2671,dc_4385
2672,dc_4986
2673,dc_3750
2674,dc_6417
2675,dc_4104
2676,dc_829
2677,dc_4955
2678,dc_1017
2679,dc_1027
2680,dc_1071
2681,dc_617
2682,dc_626
2683,dc_4276
2684,dc_4249
2685,dc_4498
2686,dc_1909
2687,dc_5586
2688,dc_8230
2689,dc_7336
2690,dc_7892
2691,dc_5641
2692,dc_5743
2693,dc_1489
2694,dc_1510
2695,dc_3895
2696,dc_1101
2697,dc_398
2698,dc_4599
2699,dc_5568
2700,dc_5975
2701,dc_3340
2702,dc_3975
2703,dc_1955
2704,dc_4016
2705,dc_2001
2706,dc_2009
2707,dc_2010
2708,dc_3822
2709,dc_3577
2710,dc_1340
2711,dc_5934
2712,dc_5942
2713,dc_1140
2714,dc_1144
2715,dc_509
2716,dc_5047
2717,dc_213
2718,dc_1550
2719,dc_5951
2720,dc_5846
2721,dc_6461
2722,dc_6240
2723,dc_6504
2724,dc_6249
2725,dc_6539
2726,dc_6563
2727,dc_6348
2728,dc_6352
2729,dc_6888
2730,dc_4400
2731,dc_86
2732,dc_4200
2733,dc_915
2734,dc_4827
2735,dc_3897
2736,dc_607
2737,dc_652
2738,dc_4530
2739,dc_1538
2740,dc_1173
2741,dc_1315
2742,dc_1590
2743,dc_1335
2744,dc_1270
2745,dc_4798
2746,dc_828
2747,dc_1103
2748,dc_4204
2749,dc_3983
2750,dc_1965
2751,dc_5484
2752,dc_5257
2753,dc_1393
2754,dc_1409
2755,dc_3313
2756,dc_3319
2757,dc_5948
2758,dc_591
2759,dc_5571
2760,dc_6191
2761,dc_6197
2762,dc_6213
2763,dc_5193
2764,dc_6756
2765,dc_5235
2766,dc_6780
2767,dc_5011
2768,dc_6088
2769,dc_6102
2770,dc_6618
2771,dc_6628
2772,dc_6124
2773,dc_789
2774,dc_1068
2775,dc_4661
2776,dc_4704
2777,dc_400
2778,dc_432
2779,dc_3370
2780,dc_772
2781,dc_5156
2782,dc_4301
2783,dc_477
2784,dc_1588
2785,dc_3443
2786,dc_3479
2787,dc_5362
2788,dc_1816
2789,dc_1845
2790,dc_4951
2791,dc_4450
2792,dc_5014
2793,dc_2995
2794,dc_3539
2795,dc_1122
2796,dc_651
2797,dc_726
2798,dc_996
2799,dc_5742
2800,dc_4559
2801,dc_3250
2802,dc_5607
2803,dc_5723
2804,dc_5266
2805,dc_1654
2806,dc_1918
2807,dc_1924
2808,dc_7357
2809,dc_3242
2810,dc_5444
2811,dc_89
2812,dc_4215
2813,dc_906
2814,dc_1719
2815,dc_1733
2816,dc_5073
2817,dc_4066
2818,dc_1295
2819,dc_3093
2820,dc_4654
2821,dc_834
2822,dc_861
2823,dc_886
2824,dc_888
2825,dc_193
2826,dc_1131
2827,dc_1137
2828,dc_1162
2829,dc_5834
2830,dc_5864
2831,dc_1063
2832,dc_435
2833,dc_4587
2834,dc_5282
2835,dc_4393
2836,dc_820
2837,dc_5012
2838,dc_467
2839,dc_603
2840,dc_1241
2841,dc_1332
2842,dc_1344
2843,dc_5164
2844,dc_3751
2845,dc_3790
2846,dc_1994
2847,dc_3082
2848,dc_1557
2849,dc_5386
2850,dc_3147
2851,dc_1169
2852,dc_5798
2853,dc_5688
2854,dc_5337
2855,dc_7431
2856,dc_7955
2857,dc_8227
2858,dc_7990
2859,dc_7765
2860,dc_8033
2861,dc_8040
2862,dc_8046
2863,dc_8065
2864,dc_7810
2865,dc_8069
2866,dc_8091
2867,dc_8095
2868,dc_8097
2869,dc_8102
2870,dc_7848
2871,dc_8116
2872,dc_7882
2873,dc_8179
2874,dc_8191
2875,dc_7426
2876,dc_7969
2877,dc_8225
2878,dc_7718
2879,dc_7478
2880,dc_7735
2881,dc_7996
2882,dc_8004
2883,dc_7494
2884,dc_7248
2885,dc_7511
2886,dc_7260
2887,dc_7540
2888,dc_6013
2889,dc_7814
2890,dc_7565
2891,dc_7831
2892,dc_7834
2893,dc_7324
2894,dc_7585
2895,dc_7589
2896,dc_8111
2897,dc_8118
2898,dc_7609
2899,dc_8124
2900,dc_7377
2901,dc_7642
2902,dc_7646
2903,dc_7144
2904,dc_7658
2905,dc_7151
2906,dc_7413
2907,dc_7927
2908,dc_7168
2909,dc_7177
2910,dc_7185
2911,dc_7190
2912,dc_7195
2913,dc_7196
2914,dc_9001
2915,dc_6958
2916,dc_7221
2917,dc_7223
2918,dc_6983
2919,dc_7500
2920,dc_7013
2921,dc_7022
2922,dc_7292
2923,dc_7050
2924,dc_7117
2925,dc_6400
2926,dc_6659
2927,dc_6483
2928,dc_6241
2929,dc_6336
2930,dc_6338
2931,dc_6855
2932,dc_6345
2933,dc_6353
2934,dc_6612
2935,dc_6116
2936,dc_6385
2937,dc_6130
2938,dc_6392
2939,dc_6395
2940,dc_6657
2941,dc_6235
2942,dc_6778
2943,dc_6786
2944,dc_6042
2945,dc_3771
2946,dc_6859
2947,dc_6104
2948,dc_6873
2949,dc_4174
2950,dc_3924
2951,dc_4451
2952,dc_4454
2953,dc_6008
2954,dc_5001
2955,dc_5020
2956,dc_3747
2957,dc_1987
2958,dc_3312
2959,dc_1793
2960,dc_8251
2961,dc_1890
2962,dc_1902
2963,dc_3730
2964,dc_4010
2965,dc_7604
2966,dc_1739
2967,dc_3566
2968,dc_4628
2969,dc_1712
2970,dc_2017
2971,dc_4114
2972,dc_4468
2973,dc_5015
2974,dc_805
2975,dc_1004
2976,dc_4337
2977,dc_6735
2978,dc_4709
2979,dc_933
2980,dc_5057
2981,dc_5094
2982,dc_758
2983,dc_3555
2984,dc_3557
2985,dc_4856
2986,dc_1397
2987,dc_1408
2988,dc_1414
2989,dc_5002
2990,dc_3492
2991,dc_1450
2992,dc_4592
2993,dc_978
2994,dc_3092
2995,dc_3482
2996,dc_5339
2997,dc_5342
2998,dc_3497
2999,dc_5237
3000,dc_5236
3001,dc_5296
3002,dc_5685
3003,dc_5663
3004,dc_3650
3005,dc_5768
3006,dc_5895
3007,dc_1222
3008,dc_1285
3009,dc_1287
3010,dc_1566
3011,dc_3383
3012,dc_3409
3013,dc_3294
3014,dc_1429
3015,dc_3314
3016,dc_3591
3017,dc_3597
3018,dc_1227
3019,dc_4350
3020,dc_1911
3021,dc_3549
3022,dc_5557
3023,dc_528
3024,dc_585
3025,dc_5007
3026,dc_4843
3027,dc_4651
3028,dc_818
3029,dc_825
3030,dc_6466
3031,dc_866
3032,dc_4282
3033,dc_3777
3034,dc_5914
3035,dc_5918
3036,dc_1165
3037,dc_3306
3038,dc_4714
3039,dc_4222
3040,dc_1711
3041,dc_4580
3042,dc_1002
3043,dc_3485
3044,dc_5475
3045,dc_1434
3046,dc_3749
3047,dc_3759
3048,dc_3791
3049,dc_5437
3050,dc_1888
3051,dc_1916
3052,dc_1665
3053,dc_3987
3054,dc_1946
3055,dc_3792
3056,dc_1396
3057,dc_648
3058,dc_3316
3059,dc_5481
3060,dc_4864
3061,dc_5852
3062,dc_3618
3063,dc_3377
3064,dc_1859
3065,dc_4953
3066,dc_3689
3067,dc_4058
3068,dc_3827
3069,dc_1104
3070,dc_1276
3071,dc_515
3072,dc_1066
3073,dc_556
3074,dc_6732
3075,dc_4757
3076,dc_5013
3077,dc_458
3078,dc_459
3079,dc_475
3080,dc_3299
3081,dc_493
3082,dc_1536
3083,dc_6168
3084,dc_4421
3085,dc_3684
3086,dc_6777
3087,dc_6525
3088,dc_6022
3089,dc_6023
3090,dc_6538
3091,dc_6036
3092,dc_6549
3093,dc_6065
3094,dc_6073
3095,dc_6891
3096,dc_6647
3097,dc_807
3098,dc_355
3099,dc_949
3100,dc_3752
3101,dc_4571
3102,dc_5821
3103,dc_5824
3104,dc_1331
3105,dc_1381
3106,dc_269
3107,dc_279
3108,dc_1613
3109,dc_862
3110,dc_5000
3111,dc_5898
3112,dc_1125
3113,dc_1136
3114,dc_1152
3115,dc_1213
3116,dc_3642
3117,dc_1200
3118,dc_4285
3119,dc_5378
3120,dc_1563
3121,dc_6423
3122,dc_6427
3123,dc_6185
3124,dc_6444
3125,dc_6446
3126,dc_6453
3127,dc_6506
3128,dc_6868
3129,dc_6364
3130,dc_6121
3131,dc_6128
3132,dc_6137
3133,dc_6141
3134,dc_1460
3135,dc_85
3136,dc_4744
3137,dc_4240
3138,dc_1684
3139,dc_4516
3140,dc_5030
3141,dc_4539
3142,dc_965
3143,dc_4561
3144,dc_1009
3145,dc_1781
3146,dc_3078
3147,dc_3045
3148,dc_3049
3149,dc_1515
3150,dc_3565
3151,dc_3152
3152,dc_1480
3153,dc_9004
3154,dc_538
3155,dc_3741
3156,dc_5042
3157,dc_470
3158,dc_984
3159,dc_488
3160,dc_4348
3161,dc_5453
3162,dc_1163
3163,dc_3353
3164,dc_3676
3165,dc_1887
3166,dc_3685
3167,dc_1897
3168,dc_1899
3169,dc_3972
3170,dc_1678
3171,dc_1942
3172,dc_1972
3173,dc_3818
3174,dc_542
3175,dc_1314
3176,dc_3263
3177,dc_3131
3178,dc_4613
3179,dc_780
3180,dc_794
3181,dc_1180
3182,dc_4182
3183,dc_4739
3184,dc_972
3185,dc_3581
3186,dc_3358
3187,dc_3424
3188,dc_3465
3189,dc_3031
3190,dc_3047
3191,dc_5766
3192,dc_5796
3193,dc_5841
3194,dc_7947
3195,dc_7032
3196,dc_7178
3197,dc_7942
3198,dc_7176
3199,dc_6921
3200,dc_7693
3201,dc_7184
3202,dc_6952
3203,dc_7208
3204,dc_7224
3205,dc_7239
3206,dc_6993
3207,dc_6998
3208,dc_7004
3209,dc_7007
3210,dc_7522
3211,dc_7019
3212,dc_7065
3213,dc_7334
3214,dc_7353
3215,dc_7360
3216,dc_7365
3217,dc_7877
3218,dc_7623
3219,dc_7163
3220,dc_3841
3221,dc_4892
3222,dc_4131
3223,dc_3366
3224,dc_4910
3225,dc_4419
3226,dc_1873
3227,dc_4977
3228,dc_4234
3229,dc_5044
3230,dc_4041
3231,dc_4625
3232,dc_3633
3233,dc_3928
3234,dc_3652
3235,dc_3662
3236,dc_4732
3237,dc_5957
3238,dc_5462
3239,dc_5472
3240,dc_1150
3241,dc_5522
3242,dc_5388
3243,dc_5372
3244,dc_1304
3245,dc_5634
3246,dc_582
3247,dc_125
3248,dc_6602
3249,dc_1996
3250,dc_5068
3251,dc_489
3252,dc_5443
3253,dc_5822
3254,dc_5133
3255,dc_5220
3256,dc_4207
3257,dc_4975
3258,dc_4216
3259,dc_4243
3260,dc_4552
3261,dc_974
3262,dc_3644
3263,dc_3400
3264,dc_1484
3265,dc_1517
3266,dc_3053
3267,dc_3310
3268,dc_1520
3269,dc_4738
3270,dc_1202
3271,dc_5904
3272,dc_5922
3273,dc_5256
3274,dc_5858
3275,dc_5562
3276,dc_6674
3277,dc_6773
3278,dc_3710
3279,dc_6020
3280,dc_6051
3281,dc_6568
3282,dc_5034
3283,dc_6327
3284,dc_6082
3285,dc_5331
3286,dc_4632
3287,dc_808
3288,dc_4703
3289,dc_4535
3290,dc_1483
3291,dc_5684
3292,dc_5569
3293,dc_3143
3294,dc_674
3295,dc_4555
3296,dc_5950
3297,dc_5773
3298,dc_3674
3299,dc_1936
3300,dc_1978
3301,dc_3770
3302,dc_1758
3303,dc_3824
3304,dc_5483
3305,dc_3295
3306,dc_1511
3307,dc_4120
3308,dc_4154
3309,dc_869
3310,dc_881
3311,dc_4534
3312,dc_245
3313,dc_3172
3314,dc_5149
3315,dc_3871
3316,dc_584
3317,dc_6484
3318,dc_4769
3319,dc_479
3320,dc_498
3321,dc_4853
3322,dc_4860
3323,dc_5448
3324,dc_5251
3325,dc_1441
3326,dc_1455
3327,dc_4037
3328,dc_3529
3329,dc_5826
3330,dc_5837
3331,dc_7464
3332,dc_7472
3333,dc_7474
3334,dc_7475
3335,dc_7992
3336,dc_7482
3337,dc_8009
3338,dc_8015
3339,dc_8020
3340,dc_7513
3341,dc_7544
3342,dc_7557
3343,dc_7581
3344,dc_7583
3345,dc_7606
3346,dc_7608
3347,dc_7619
3348,dc_7881
3349,dc_7381
3350,dc_7386
3351,dc_7904
3352,dc_7653
3353,dc_7398
3354,dc_7654
3355,dc_7145
3356,dc_7663
3357,dc_7152
3358,dc_7155
3359,dc_7671
3360,dc_7677
3361,dc_7678
3362,dc_6435
3363,dc_5189
3364,dc_6785
3365,dc_6831
3366,dc_6079
3367,dc_6081
3368,dc_6374
3369,dc_6119
3370,dc_1794
3371,dc_4897
3372,dc_3376
3373,dc_5041
3374,dc_3525
3375,dc_5067
3376,dc_3542
3377,dc_4339
3378,dc_4619
3379,dc_4673
3380,dc_4676
3381,dc_5205
3382,dc_4183
3383,dc_5210
3384,dc_5225
3385,dc_1685
3386,dc_4826
3387,dc_4579
3388,dc_1116
3389,dc_409
3390,dc_4018
3391,dc_951
3392,dc_989
3393,dc_4595
3394,dc_4617
3395,dc_602
3396,dc_630
3397,dc_668
3398,dc_727
3399,dc_3411
3400,dc_1370
3401,dc_4005
3402,dc_3280
3403,dc_3432
3404,dc_1527
3405,dc_3070
3406,dc_1535
3407,dc_5712
3408,dc_5496
3409,dc_5432
3410,dc_5503
3411,dc_1398
3412,dc_3489
3413,dc_1479
3414,dc_3654
3415,dc_3656
3416,dc_5132
3417,dc_549
3418,dc_4418
3419,dc_4442
3420,dc_1120
3421,dc_4723
3422,dc_6524
3423,dc_3748
3424,dc_5052
3425,dc_483
3426,dc_4841
3427,dc_507
3428,dc_3327
3429,dc_4111
3430,dc_43
3431,dc_4465
3432,dc_891
3433,dc_175
3434,dc_946
3435,dc_4557
3436,dc_986
3437,dc_5960
3438,dc_3000
3439,dc_5239
3440,dc_1798
3441,dc_1635
3442,dc_1642
3443,dc_1917
3444,dc_1928
3445,dc_3977
3446,dc_1706
3447,dc_1300
3448,dc_3179
3449,dc_3206
3450,dc_4780
3451,dc_3287
3452,dc_5785
3453,dc_4247
3454,dc_731
3455,dc_3128
3456,dc_5338
3457,dc_5405
3458,dc_6155
3459,dc_6715
3460,dc_6206
3461,dc_6760
3462,dc_5234
3463,dc_6047
3464,dc_4792
3465,dc_6586
3466,dc_6083
3467,dc_5328
3468,dc_5329
3469,dc_5330
3470,dc_6098
3471,dc_6100
3472,dc_6101
3473,dc_4519
3474,dc_2987
3475,dc_4546
3476,dc_451
3477,dc_4292
3478,dc_3700
3479,dc_1447
3480,dc_1471
3481,dc_3541
3482,dc_3809
3483,dc_5729
3484,dc_5977
3485,dc_5891
3486,dc_1133
3487,dc_1145
3488,dc_1621
3489,dc_4972
3490,dc_1249
3491,dc_3166
3492,dc_5196
3493,dc_5199
3494,dc_134
3495,dc_1680
3496,dc_913
3497,dc_1686
3498,dc_920
3499,dc_1714
3500,dc_1732
3501,dc_5066
3502,dc_4834
3503,dc_5105
3504,dc_4489
3505,dc_3028
3506,dc_447
3507,dc_547
3508,dc_945
3509,dc_4852
3510,dc_5409
3511,dc_5423
3512,dc_5981
3513,dc_3328
3514,dc_1337
3515,dc_3192
3516,dc_3448
3517,dc_3307
3518,dc_3337
3519,dc_1577
3520,dc_1582
3521,dc_5659
3522,dc_7699
3523,dc_7962
3524,dc_7199
3525,dc_7207
3526,dc_6955
3527,dc_6960
3528,dc_6979
3529,dc_7237
3530,dc_7242
3531,dc_6991
3532,dc_7009
3533,dc_7271
3534,dc_7025
3535,dc_7041
3536,dc_7301
3537,dc_7335
3538,dc_7343
3539,dc_7089
3540,dc_7095
3541,dc_7863
3542,dc_7355
3543,dc_7871
3544,dc_7134
3545,dc_7158
3546,dc_1834
3547,dc_1851
3548,dc_4425
3549,dc_4209
3550,dc_3725
3551,dc_3494
3552,dc_4790
3553,dc_3516
3554,dc_3007
3555,dc_4287
3556,dc_1998
3557,dc_6613
3558,dc_837
3559,dc_3695
3560,dc_880
3561,dc_206
3562,dc_244
3563,dc_775
3564,dc_3609
3565,dc_3927
3566,dc_613
3567,dc_1894
3568,dc_734
3569,dc_3023
3570,dc_3826
3571,dc_5903
3572,dc_5929
3573,dc_5618
3574,dc_7700
3575,dc_4939
3576,dc_3718
3577,dc_1092
3578,dc_5805
3579,dc_5825
3580,dc_3388
3581,dc_3461
3582,dc_3475
3583,dc_3026
3584,dc_3040
3585,dc_1058
3586,dc_4158
3587,dc_4239
3588,dc_1233
3589,dc_1238
3590,dc_1250
3591,dc_806
3592,dc_4570
3593,dc_5707
3594,dc_5299
3595,dc_3100
3596,dc_3852
3597,dc_3341
3598,dc_3853
3599,dc_3914
3600,dc_3673
3601,dc_1886
3602,dc_1891
3603,dc_1637
3604,dc_1947
3605,dc_3995
3606,dc_1962
3607,dc_4027
3608,dc_4030
3609,dc_3567
3610,dc_1301
3611,dc_1346
3612,dc_3253
3613,dc_3279
3614,dc_1540
3615,dc_5471
3616,dc_5490
3617,dc_1892
3618,dc_3745
3619,dc_4870
3620,dc_3860
3621,dc_1102
3622,dc_6523
3623,dc_4763
3624,dc_3506
3625,dc_4333
3626,dc_496
3627,dc_763
3628,dc_3862
3629,dc_3159
3630,dc_623
3631,dc_5793
3632,dc_5548
3633,dc_5565
3634,dc_6422
3635,dc_6471
3636,dc_6542
3637,dc_6550
3638,dc_6567
3639,dc_6058
3640,dc_6349
3641,dc_6350
3642,dc_6864
3643,dc_6611
3644,dc_6366
3645,dc_6389
3646,dc_6645
3647,dc_6651
3648,dc_6911
3649,dc_14
3650,dc_4642
3651,dc_52
3652,dc_1080
3653,dc_908
3654,dc_4765
3655,dc_955
3656,dc_4540
3657,dc_3628
3658,dc_621
3659,dc_681
3660,dc_3499
3661,dc_3254
3662,dc_5091
3663,dc_748
3664,dc_752
3665,dc_3076
3666,dc_3406
3667,dc_3171
3668,dc_3478
3669,dc_3329
3670,dc_5314
3671,dc_1565
3672,dc_1594
3673,dc_3184
3674,dc_4749
3675,dc_4115
3676,dc_4133
3677,dc_873
3678,dc_885
3679,dc_4486
3680,dc_4999
3681,dc_4751
3682,dc_4517
3683,dc_183
3684,dc_4814
3685,dc_236
3686,dc_4589
3687,dc_1129
3688,dc_5265
3689,dc_1170
3690,dc_1212
3691,dc_5867
3692,dc_5874
3693,dc_1318
3694,dc_1387
3695,dc_1402
3696,dc_3234
3697,dc_3248
3698,dc_5790
3699,dc_5593
3700,dc_6145
3701,dc_4381
3702,dc_6685
3703,dc_6717
3704,dc_6467
3705,dc_6728
3706,dc_4947
3707,dc_6757
3708,dc_6265
3709,dc_6782
3710,dc_6553
3711,dc_4793
3712,dc_6585
3713,dc_3772
3714,dc_6590
3715,dc_5074
3716,dc_786
3717,dc_4810
3718,dc_4578
3719,dc_3154
3720,dc_1420
3721,dc_1444
3722,dc_5664
3723,dc_5625
3724,dc_5402
3725,dc_6006
3726,dc_1553
3727,dc_1485
3728,dc_1502
3729,dc_5294
3730,dc_541
3731,dc_5159
3732,dc_5107
3733,dc_1783
3734,dc_4859
3735,dc_764
3736,dc_5242
3737,dc_4884
3738,dc_1818
3739,dc_3355
3740,dc_4136
3741,dc_1837
3742,dc_4461
3743,dc_4989
3744,dc_4776
3745,dc_3756
3746,dc_1990
3747,dc_627
3748,dc_675
3749,dc_728
3750,dc_5915
3751,dc_5253
3752,dc_1174
3753,dc_1225
3754,dc_1226
3755,dc_6003
3756,dc_5854
3757,dc_4912
3758,dc_4752
3759,dc_715
3760,dc_1912
3761,dc_3361
3762,dc_3878
3763,dc_3891
3764,dc_1889
3765,dc_3944
3766,dc_1910
3767,dc_1915
3768,dc_1932
3769,dc_3576
3770,dc_3162
3771,dc_3292
3772,dc_5336
3773,dc_5965
3774,dc_3117
3775,dc_6284
3776,dc_1424
3777,dc_3739
3778,dc_1448
3779,dc_5148
3780,dc_909
3781,dc_914
3782,dc_4499
3783,dc_922
3784,dc_1715
3785,dc_1721
3786,dc_1722
3787,dc_5080
3788,dc_4583
3789,dc_3075
3790,dc_1490
3791,dc_1494
3792,dc_3064
3793,dc_5609
3794,dc_1280
3795,dc_5399
3796,dc_1591
3797,dc_1603
3798,dc_4100
3799,dc_4623
3800,dc_4151
3801,dc_312
3802,dc_839
3803,dc_4201
3804,dc_875
3805,dc_4720
3806,dc_889
3807,dc_4269
3808,dc_194
3809,dc_3277
3810,dc_4813
3811,dc_4046
3812,dc_4064
3813,dc_4748
3814,dc_1176
3815,dc_1260
3816,dc_3500
3817,dc_787
3818,dc_788
3819,dc_792
3820,dc_813
3821,dc_347
3822,dc_434
3823,dc_1780
3824,dc_1782
3825,dc_4119
3826,dc_5701
3827,dc_5720
3828,dc_5504
3829,dc_539
3830,dc_5154
3831,dc_3911
3832,dc_5089
3833,dc_491
3834,dc_5104
3835,dc_5416
3836,dc_1921
3837,dc_4522
3838,dc_750
3839,dc_3615
3840,dc_4920
3841,dc_4432
3842,dc_1113
3843,dc_1201
3844,dc_1000
3845,dc_3335
3846,dc_1360
3847,dc_4500
3848,dc_3859
3849,dc_3658
3850,dc_3740
3851,dc_3493
3852,dc_1458
3853,dc_1469
3854,dc_3830
3855,dc_3417
3856,dc_3043
3857,dc_3067
3858,dc_1313
3859,dc_1584
3860,dc_3051
3861,dc_1253
3862,dc_5748
3863,dc_6949
3864,dc_6005
3865,dc_5435
3866,dc_5491
3867,dc_5241
3868,dc_5589
3869,dc_7427
3870,dc_8196
3871,dc_8752
3872,dc_8019
3873,dc_7766
3874,dc_8022
3875,dc_8024
3876,dc_8025
3877,dc_8029
3878,dc_8030
3879,dc_8034
3880,dc_8042
3881,dc_8047
3882,dc_7804
3883,dc_7808
3884,dc_8075
3885,dc_7823
3886,dc_8099
3887,dc_7845
3888,dc_7847
3889,dc_8107
3890,dc_8108
3891,dc_8109
3892,dc_8113
3893,dc_7675
3894,dc_7692
3895,dc_7697
3896,dc_7455
3897,dc_7974
3898,dc_7465
3899,dc_7721
3900,dc_7722
3901,dc_7724
3902,dc_7983
3903,dc_7477
3904,dc_7479
3905,dc_7481
3906,dc_7737
3907,dc_7487
3908,dc_7745
3909,dc_7492
3910,dc_7493
3911,dc_7750
3912,dc_7753
3913,dc_8013
3914,dc_8014
3915,dc_8017
3916,dc_8281
3917,dc_7770
3918,dc_7789
3919,dc_8045
3920,dc_7535
3921,dc_8049
3922,dc_7556
3923,dc_7564
3924,dc_7833
3925,dc_7587
3926,dc_8106
3927,dc_7597
3928,dc_7611
3929,dc_7867
3930,dc_7873
3931,dc_7880
3932,dc_7631
3933,dc_7632
3934,dc_7383
3935,dc_7644
3936,dc_7900
3937,dc_7392
3938,dc_7668
3939,dc_7670
3940,dc_7680
3941,dc_7940
3942,dc_7174
3943,dc_7175
3944,dc_7948
3945,dc_7183
3946,dc_7191
3947,dc_7959
3948,dc_6938
3949,dc_7203
3950,dc_6954
3951,dc_6956
3952,dc_6962
3953,dc_6968
3954,dc_7229
3955,dc_7236
3956,dc_7249
3957,dc_7524
3958,dc_7023
3959,dc_6515
3960,dc_7029
3961,dc_7037
3962,dc_7038
3963,dc_7049
3964,dc_7317
3965,dc_7319
3966,dc_7327
3967,dc_7855
3968,dc_7895
3969,dc_7128
3970,dc_6473
3971,dc_6796
3972,dc_6809
3973,dc_6572
3974,dc_6347
3975,dc_6351
3976,dc_6106
3977,dc_6396
3978,dc_6673
3979,dc_6182
3980,dc_6202
3981,dc_6751
3982,dc_6753
3983,dc_5232
3984,dc_6259
3985,dc_6776
3986,dc_6781
3987,dc_4784
3988,dc_4794
3989,dc_6593
3990,dc_6621
3991,dc_6879
3992,dc_6885
3993,dc_6632
3994,dc_3840
3995,dc_1856
3996,dc_4957
3997,dc_3702
3998,dc_3717
3999,dc_3727
4000,dc_3735
4001,dc_3769
4002,dc_1986
4003,dc_1988
4004,dc_3786
4005,dc_2021
4006,dc_3828
4007,dc_3584
4008,dc_3350
4009,dc_3606
4010,dc_3906
4011,dc_3923
4012,dc_1629
4013,dc_1672
4014,dc_3723
4015,dc_1937
4016,dc_3993
4017,dc_3999
4018,dc_2003
4019,dc_3545
4020,dc_3831
4021,dc_5158
4022,dc_4679
4023,dc_5229
4024,dc_124
4025,dc_4733
4026,dc_900
4027,dc_1687
4028,dc_921
4029,dc_4777
4030,dc_1730
4031,dc_1731
4032,dc_4097
4033,dc_4103
4034,dc_4113
4035,dc_4116
4036,dc_4658
4037,dc_4148
4038,dc_4700
4039,dc_894
4040,dc_927
4041,dc_4002
4042,dc_4045
4043,dc_4076
4044,dc_4614
4045,dc_814
4046,dc_1098
4047,dc_4715
4048,dc_450
4049,dc_529
4050,dc_4881
4051,dc_4901
4052,dc_4406
4053,dc_938
4054,dc_4782
4055,dc_4304
4056,dc_502
4057,dc_662
4058,dc_4258
4059,dc_688
4060,dc_4019
4061,dc_4544
4062,dc_4166
4063,dc_1194
4064,dc_942
4065,dc_1317
4066,dc_1368
4067,dc_1401
4068,dc_1446
4069,dc_3763
4070,dc_2014
4071,dc_3034
4072,dc_3036
4073,dc_3071
4074,dc_1571
4075,dc_3132
4076,dc_3473
4077,dc_1130
4078,dc_5733
4079,dc_5384
4080,dc_5465
4081,dc_5584
4082,dc_5289
4083,dc_5598
4084,dc_5545
4085,dc_5431
4086,dc_5280
4087,dc_5714
4088,dc_5250
4089,dc_5267
4090,dc_5781
4091,dc_5789
4092,dc_1217
4093,dc_3011
4094,dc_3104
4095,dc_3119
4096,dc_6323
4097,dc_3916
4098,dc_3170
4099,dc_3484
4100,dc_1506
4101,dc_3056
4102,dc_3854
4103,dc_1468
4104,dc_4026
4105,dc_1319
4106,dc_1330
4107,dc_1347
4108,dc_1371
4109,dc_3165
4110,dc_1399
4111,dc_3451
4112,dc_3245
4113,dc_3278
4114,dc_3870
4115,dc_3876
4116,dc_4162
4117,dc_1100
4118,dc_936
4119,dc_713
4120,dc_976
4121,dc_1243
4122,dc_1244
4123,dc_3632
4124,dc_669
4125,dc_673
4126,dc_677
4127,dc_678
4128,dc_3503
4129,dc_741
4130,dc_4604
4131,dc_5172
4132,dc_4407
4133,dc_6733
4134,dc_6520
4135,dc_3767
4136,dc_468
4137,dc_4838
4138,dc_487
4139,dc_497
4140,dc_755
4141,dc_2041
4142,dc_5113
4143,dc_1791
4144,dc_5449
4145,dc_327
4146,dc_1108
4147,dc_4711
4148,dc_360
4149,dc_4547
4150,dc_4594
4151,dc_5708
4152,dc_5731
4153,dc_1760
4154,dc_5762
4155,dc_893
4156,dc_4531
4157,dc_4622
4158,dc_4127
4159,dc_4647
4160,dc_856
4161,dc_860
4162,dc_4719
4163,dc_884
4164,dc_3980
4165,dc_4772
4166,dc_6322
4167,dc_4021
4168,dc_4035
4169,dc_4090
4170,dc_1220
4171,dc_1560
4172,dc_1575
4173,dc_1380
4174,dc_3052
4175,dc_5622
4176,dc_4368
4177,dc_5180
4178,dc_4441
4179,dc_4702
4180,dc_923
4181,dc_1697
4182,dc_1713
4183,dc_1717
4184,dc_1725
4185,dc_1729
4186,dc_5103
4187,dc_4607
4188,dc_1491
4189,dc_3719
4190,dc_1425
4191,dc_4506
4192,dc_3534
4193,dc_1633
4194,dc_3682
4195,dc_3691
4196,dc_3699
4197,dc_3956
4198,dc_1954
4199,dc_1958
4200,dc_1973
4201,dc_2012
4202,dc_3569
4203,dc_1362
4204,dc_3208
4205,dc_3260
4206,dc_3271
4207,dc_5502
4208,dc_5276
4209,dc_5669
4210,dc_4608
4211,dc_3599
4212,dc_1055
4213,dc_4929
4214,dc_4490
4215,dc_711
4216,dc_3969
4217,dc_5769
4218,dc_5791
4219,dc_5624
4220,dc_4893
4221,dc_1825
4222,dc_3365
4223,dc_4902
4224,dc_3625
4225,dc_4412
4226,dc_4942
4227,dc_4444
4228,dc_3678
4229,dc_3706
4230,dc_3732
4231,dc_5049
4232,dc_3514
4233,dc_5053
4234,dc_1983
4235,dc_1985
4236,dc_1992
4237,dc_3532
4238,dc_4313
4239,dc_3835
4240,dc_3629
4241,dc_3933
4242,dc_636
4243,dc_2998
4244,dc_744
4245,dc_5932
4246,dc_1143
4247,dc_5556
4248,dc_1564
4249,dc_1567
4250,dc_1326
4251,dc_3129
4252,dc_4495
4253,dc_5129
4254,dc_5175
4255,dc_4764
4256,dc_5063
4257,dc_5064
4258,dc_484
4259,dc_4326
4260,dc_4331
4261,dc_499
4262,dc_5466
4263,dc_3429
4264,dc_3464
4265,dc_1503
4266,dc_1504
4267,dc_5428
4268,dc_6656
4269,dc_5183
4270,dc_6208
4271,dc_4934
4272,dc_6747
4273,dc_6762
4274,dc_6510
4275,dc_6258
4276,dc_6276
4277,dc_6278
4278,dc_4781
4279,dc_6582
4280,dc_6076
4281,dc_6620
4282,dc_4317
4283,dc_6624
4284,dc_6627
4285,dc_796
4286,dc_592
4287,dc_395
4288,dc_418
4289,dc_3096
4290,dc_3111
4291,dc_1616
4292,dc_3667
4293,dc_1470
4294,dc_3833
4295,dc_5713
4296,dc_5738
4297,dc_5757
4298,dc_5777
4299,dc_3391
4300,dc_1365
4301,dc_1378
4302,dc_1388
4303,dc_1395
4304,dc_3311
4305,dc_268
4306,dc_4620
4307,dc_4382
4308,dc_836
4309,dc_1114
4310,dc_4699
4311,dc_882
4312,dc_895
4313,dc_4488
4314,dc_4514
4315,dc_4550
4316,dc_201
4317,dc_5973
4318,dc_5252
4319,dc_1158
4320,dc_5270
4321,dc_1216
4322,dc_3954
4323,dc_4743
4324,dc_706
4325,dc_5312
4326,dc_5379
4327,dc_3889
4328,dc_3123
4329,dc_1175
4330,dc_5284
4331,dc_6716
4332,dc_8023
4333,dc_6499
4334,dc_6541
4335,dc_6040
4336,dc_6055
4337,dc_6343
4338,dc_6344
4339,dc_6091
4340,dc_6362
4341,dc_6372
4342,dc_6373
4343,dc_6375
4344,dc_6378
4345,dc_6143
4346,dc_5120
4347,dc_5124
4348,dc_4646
4349,dc_5162
4350,dc_4663
4351,dc_5188
4352,dc_5202
4353,dc_5215
4354,dc_5218
4355,dc_4212
4356,dc_118
4357,dc_127
4358,dc_911
4359,dc_4241
4360,dc_5010
4361,dc_1683
4362,dc_1709
4363,dc_4529
4364,dc_1718
4365,dc_5071
4366,dc_5077
4367,dc_4833
4368,dc_4615
4369,dc_3634
4370,dc_689
4371,dc_3564
4372,dc_4593
4373,dc_3392
4374,dc_3068
4375,dc_1534
4376,dc_5523
4377,dc_5303
4378,dc_5564
4379,dc_4430
4380,dc_1418
4381,dc_5160
4382,dc_3247
4383,dc_766
4384,dc_5906
4385,dc_1139
4386,dc_1154
4387,dc_1171
4388,dc_5882
4389,dc_5246
4390,dc_5626
4391,dc_3346
4392,dc_3881
4393,dc_3938
4394,dc_4477
4395,dc_1929
4396,dc_3998
4397,dc_4004
4398,dc_1969
4399,dc_1728
4400,dc_3779
4401,dc_1745
4402,dc_2005
4403,dc_3336
4404,dc_1357
4405,dc_4431
4406,dc_3163
4407,dc_3320
4408,dc_1568
4409,dc_3888
4410,dc_3981
4411,dc_3488
4412,dc_1453
4413,dc_4612
4414,dc_822
4415,dc_4674
4416,dc_384
4417,dc_937
4418,dc_4296
4419,dc_4299
4420,dc_4308
4421,dc_4601
4422,dc_5527
4423,dc_5534
4424,dc_3863
4425,dc_3976
4426,dc_6297
4427,dc_1197
4428,dc_1263
4429,dc_1548
4430,dc_5408
4431,dc_3991
4432,dc_7683
4433,dc_7186
4434,dc_7193
4435,dc_7194
4436,dc_7202
4437,dc_7227
4438,dc_6980
4439,dc_7506
4440,dc_7012
4441,dc_7816
4442,dc_7329
4443,dc_7346
4444,dc_7091
4445,dc_7347
4446,dc_7100
4447,dc_7361
4448,dc_7362
4449,dc_7366
4450,dc_7626
4451,dc_7119
4452,dc_7130
4453,dc_7916
4454,dc_7160
4455,dc_7161
4456,dc_7676
4457,dc_3367
4458,dc_4924
4459,dc_3665
4460,dc_3744
4461,dc_3283
4462,dc_3561
4463,dc_832
4464,dc_842
4465,dc_854
4466,dc_878
4467,dc_4462
4468,dc_4979
4469,dc_4762
4470,dc_943
4471,dc_4271
4472,dc_4063
4473,dc_4084
4474,dc_4483
4475,dc_4244
4476,dc_663
4477,dc_959
4478,dc_730
4479,dc_1008
4480,dc_4467
4481,dc_1427
4482,dc_3794
4483,dc_5900
4484,dc_1190
4485,dc_5468
4486,dc_5474
4487,dc_5559
4488,dc_5262
4489,dc_5376
4490,dc_3089
4491,dc_3140
4492,dc_3970
4493,dc_1349
4494,dc_3210
4495,dc_3249
4496,dc_5580
4497,dc_4891
4498,dc_5151
4499,dc_3198
4500,dc_5048
4501,dc_956
4502,dc_4800
4503,dc_5065
4504,dc_760
4505,dc_4345
4506,dc_4346
4507,dc_5161
4508,dc_4401
4509,dc_5170
4510,dc_5174
4511,dc_4664
4512,dc_5219
4513,dc_4198
4514,dc_103
4515,dc_5226
4516,dc_4218
4517,dc_136
4518,dc_907
4519,dc_1689
4520,dc_1696
4521,dc_1541
4522,dc_3393
4523,dc_3156
4524,dc_3469
4525,dc_3472
4526,dc_3042
4527,dc_3301
4528,dc_5542
4529,dc_5583
4530,dc_5594
4531,dc_5464
4532,dc_3883
4533,dc_1115
4534,dc_4746
4535,dc_958
4536,dc_703
4537,dc_705
4538,dc_4802
4539,dc_5320
4540,dc_5897
4541,dc_5899
4542,dc_1149
4543,dc_1156
4544,dc_390
4545,dc_5255
4546,dc_1207
4547,dc_1210
4548,dc_1257
4549,dc_6163
4550,dc_5186
4551,dc_6723
4552,dc_6228
4553,dc_6764
4554,dc_6518
4555,dc_6774
4556,dc_6530
4557,dc_6789
4558,dc_6597
4559,dc_6865
4560,dc_6878
4561,dc_6115
4562,dc_6648
4563,dc_6138
4564,dc_6140
4565,dc_804
4566,dc_819
4567,dc_4665
4568,dc_393
4569,dc_4281
4570,dc_4473
4571,dc_1472
4572,dc_3815
4573,dc_5670
4574,dc_5778
4575,dc_5629
4576,dc_3114
4577,dc_1600
4578,dc_3487
4579,dc_4624
4580,dc_6478
4581,dc_632
4582,dc_4504
4583,dc_695
4584,dc_4556
4585,dc_3562
4586,dc_5603
4587,dc_3102
4588,dc_5833
4589,dc_5636
4590,dc_3586
4591,dc_3683
4592,dc_3593
4593,dc_3620
4594,dc_3373
4595,dc_3920
4596,dc_3677
4597,dc_1900
4598,dc_3694
4599,dc_3698
4600,dc_3968
4601,dc_1671
4602,dc_3984
4603,dc_1938
4604,dc_1944
4605,dc_1949
4606,dc_6321
4607,dc_4298
4608,dc_3814
4609,dc_3332
4610,dc_1350
4611,dc_3414
4612,dc_3423
4613,dc_1377
4614,dc_1379
4615,dc_3447
4616,dc_5395
4617,dc_1547
4618,dc_1555
4619,dc_586
4620,dc_4288
4621,dc_3025
4622,dc_1516
4623,dc_1528
4624,dc_4257
4625,dc_4638
4626,dc_4644
4627,dc_297
4628,dc_4139
4629,dc_4152
4630,dc_838
4631,dc_4691
4632,dc_852
4633,dc_4950
4634,dc_867
4635,dc_4480
4636,dc_161
4637,dc_6576
4638,dc_977
4639,dc_6626
4640,dc_4082
4641,dc_1126
4642,dc_5668
4643,dc_5974
4644,dc_4745
4645,dc_5145
4646,dc_4917
4647,dc_1121
4648,dc_3173
4649,dc_5016
4650,dc_931
4651,dc_971
4652,dc_3793
4653,dc_4848
4654,dc_5111
4655,dc_5417
4656,dc_5292
4657,dc_2991
4658,dc_1247
4659,dc_1006
4660,dc_3153
4661,dc_3158
4662,dc_3701
4663,dc_3321
4664,dc_1585
4665,dc_3121
4666,dc_3130
4667,dc_3148
4668,dc_3477
4669,dc_3050
4670,dc_5954
4671,dc_5792
4672,dc_5851
4673,dc_5606
4674,dc_7686
4675,dc_7452
4676,dc_7453
4677,dc_7712
4678,dc_7714
4679,dc_7971
4680,dc_7716
4681,dc_7717
4682,dc_7973
4683,dc_7719
4684,dc_7975
4685,dc_7978
4686,dc_7723
4687,dc_7468
4688,dc_7984
4689,dc_7730
4690,dc_7994
4691,dc_7484
4692,dc_7741
4693,dc_7997
4694,dc_8001
4695,dc_7746
4696,dc_7491
4697,dc_8006
4698,dc_7755
4699,dc_7756
4700,dc_7758
4701,dc_8016
4702,dc_7779
4703,dc_8044
4704,dc_7547
4705,dc_7560
4706,dc_7561
4707,dc_7562
4708,dc_7563
4709,dc_7566
4710,dc_7822
4711,dc_7568
4712,dc_7571
4713,dc_7574
4714,dc_7575
4715,dc_7582
4716,dc_7838
4717,dc_7839
4718,dc_7840
4719,dc_7586
4720,dc_7590
4721,dc_7846
4722,dc_7591
4723,dc_7601
4724,dc_7613
4725,dc_7888
4726,dc_7391
4727,dc_7664
4728,dc_6402
4729,dc_6403
4730,dc_6404
4731,dc_6170
4732,dc_6428
4733,dc_6438
4734,dc_6460
4735,dc_6463
4736,dc_8266
4737,dc_6480
4738,dc_6481
4739,dc_6482
4740,dc_6488
4741,dc_6034
4742,dc_6591
4743,dc_6342
4744,dc_6346
4745,dc_6867
4746,dc_6386
4747,dc_6391
4748,dc_6398
4749,dc_6929
4750,dc_1812
4751,dc_4887
4752,dc_4130
4753,dc_4165
4754,dc_1867
4755,dc_4952
4756,dc_4448
4757,dc_3708
4758,dc_3714
4759,dc_3716
4760,dc_5018
4761,dc_2988
4762,dc_6848
4763,dc_4355
4764,dc_4868
4765,dc_4101
4766,dc_4153
4767,dc_4682
4768,dc_115
4769,dc_4217
4770,dc_4219
4771,dc_4740
4772,dc_910
4773,dc_1682
4774,dc_918
4775,dc_1708
4776,dc_4536
4777,dc_4541
4778,dc_4819
4779,dc_4314
4780,dc_4840
4781,dc_4334
4782,dc_4597
4783,dc_815
4784,dc_3293
4785,dc_3903
4786,dc_644
4787,dc_679
4788,dc_211
4789,dc_736
4790,dc_749
4791,dc_3402
4792,dc_3164
4793,dc_3422
4794,dc_1392
4795,dc_3440
4796,dc_3244
4797,dc_3077
4798,dc_3380
4799,dc_3029
4800,dc_3062
4801,dc_5937
4802,dc_1219
4803,dc_5857
4804,dc_1258
4805,dc_1262
4806,dc_5873
4807,dc_5515
4808,dc_5554
4809,dc_3141
4810,dc_5501
4811,dc_5318
4812,dc_5949
4813,dc_5953
4814,dc_5761
4815,dc_1602
4816,dc_1589
4817,dc_5984
4818,dc_3861
4819,dc_3589
4820,dc_3614
4821,dc_1072
4822,dc_3894
4823,dc_3949
4824,dc_1203
4825,dc_960
4826,dc_5575
4827,dc_5146
4828,dc_4907
4829,dc_4424
4830,dc_4728
4831,dc_3199
4832,dc_4993
4833,dc_969
4834,dc_3797
4835,dc_473
4836,dc_482
4837,dc_4845
4838,dc_495
4839,dc_5433
4840,dc_5458
4841,dc_5706
4842,dc_5587
4843,dc_4102
4844,dc_827
4845,dc_830
4846,dc_835
4847,dc_843
4848,dc_845
4849,dc_857
4850,dc_863
4851,dc_4964
4852,dc_892
4853,dc_4520
4854,dc_7641
4855,dc_992
4856,dc_4067
4857,dc_4072
4858,dc_5894
4859,dc_5905
4860,dc_1215
4861,dc_1256
4862,dc_4123
4863,dc_3386
4864,dc_4496
4865,dc_1518
4866,dc_2033
4867,dc_2043
4868,dc_1532
4869,dc_3343
4870,dc_3898
4871,dc_3909
4872,dc_3913
4873,dc_3681
4874,dc_4210
4875,dc_1919
4876,dc_1930
4877,dc_1935
4878,dc_1939
4879,dc_1956
4880,dc_1960
4881,dc_1961
4882,dc_1967
4883,dc_1968
4884,dc_6320
4885,dc_1980
4886,dc_2000
4887,dc_2008
4888,dc_3547
4889,dc_3548
4890,dc_4071
4891,dc_3397
4892,dc_3427
4893,dc_3441
4894,dc_5401
4895,dc_5482
4896,dc_5955
4897,dc_5245
4898,dc_3174
4899,dc_4268
4900,dc_4528
4901,dc_742
4902,dc_5551
4903,dc_3105
4904,dc_3134
4905,dc_3139
4906,dc_3961
4907,dc_5365
4908,dc_3065
4909,dc_6678
4910,dc_5181
4911,dc_5194
4912,dc_6745
4913,dc_6752
4914,dc_6761
4915,dc_6768
4916,dc_6517
4917,dc_6519
4918,dc_3709
4919,dc_6783
4920,dc_6274
4921,dc_6788
4922,dc_5027
4923,dc_6588
4924,dc_6595
4925,dc_6097
4926,dc_6615
4927,dc_6630
4928,dc_6631
4929,dc_6133
4930,dc_4349
4931,dc_4358
4932,dc_4616
4933,dc_782
4934,dc_784
4935,dc_4633
4936,dc_810
4937,dc_340
4938,dc_342
4939,dc_4712
4940,dc_6015
4941,dc_3986
4942,dc_4549
4943,dc_993
4944,dc_3649
4945,dc_3762
4946,dc_1464
4947,dc_5480
4948,dc_5872
4949,dc_5876
4950,dc_5879
4951,dc_3598
4952,dc_3608
4953,dc_3613
4954,dc_3877
4955,dc_3879
4956,dc_944
4957,dc_5485
4958,dc_4867
4959,dc_4877
4960,dc_5141
4961,dc_1052
4962,dc_5185
4963,dc_77
4964,dc_4220
4965,dc_1693
4966,dc_1702
4967,dc_1703
4968,dc_4537
4969,dc_1724
4970,dc_3074
4971,dc_3476
4972,dc_6326
4973,dc_3021
4974,dc_5248
4975,dc_5836
4976,dc_1061
4977,dc_4645
4978,dc_5177
4979,dc_1111
4980,dc_4973
4981,dc_4998
4982,dc_3515
4983,dc_3776
4984,dc_5056
4985,dc_4306
4986,dc_5078
4987,dc_4061
4988,dc_5093
4989,dc_492
4990,dc_4851
4991,dc_5118
4992,dc_5451
4993,dc_5682
4994,dc_1413
4995,dc_3412
4996,dc_1405
4997,dc_3229
4998,dc_3281
4999,dc_1596
5000,dc_5650
5001,dc_5718
5002,dc_7937
5003,dc_7939
5004,dc_7685
5005,dc_7941
5006,dc_7946
5007,dc_7702
5008,dc_7201
5009,dc_7228
5010,dc_6973
5011,dc_6975
5012,dc_6978
5013,dc_7234
5014,dc_6992
5015,dc_6994
5016,dc_7262
5017,dc_7272
5018,dc_7020
5019,dc_7284
5020,dc_7287
5021,dc_7288
5022,dc_7036
5023,dc_7297
5024,dc_7042
5025,dc_7047
5026,dc_7055
5027,dc_7076
5028,dc_7333
5029,dc_7339
5030,dc_7340
5031,dc_7085
5032,dc_7341
5033,dc_7857
5034,dc_6835
5035,dc_7096
5036,dc_6335
5037,dc_7359
5038,dc_7876
5039,dc_7896
5040,dc_7898
5041,dc_7148
5042,dc_7919
5043,dc_7920
5044,dc_7921
5045,dc_7165
5046,dc_7679
5047,dc_3844
5048,dc_4370
5049,dc_3611
5050,dc_3617
5051,dc_3619
5052,dc_3624
5053,dc_4156
5054,dc_4941
5055,dc_4962
5056,dc_4457
5057,dc_3736
5058,dc_2983
5059,dc_4008
5060,dc_3511
5061,dc_1982
5062,dc_3775
5063,dc_1995
5064,dc_1997
5065,dc_2019
5066,dc_4083
5067,dc_4611
5068,dc_4117
5069,dc_4134
5070,dc_844
5071,dc_4686
5072,dc_1112
5073,dc_864
5074,dc_865
5075,dc_4708
5076,dc_4969
5077,dc_897
5078,dc_3982
5079,dc_4754
5080,dc_3989
5081,dc_4502
5082,dc_4768
5083,dc_4513
5084,dc_4523
5085,dc_4012
5086,dc_189
5087,dc_4839
5088,dc_4086
5089,dc_3935
5090,dc_628
5091,dc_3964
5092,dc_641
5093,dc_4246
5094,dc_3848
5095,dc_4032
5096,dc_1474
5097,dc_5909
5098,dc_5926
5099,dc_5941
5100,dc_1147
5101,dc_3236
5102,dc_1214
5103,dc_5360
5104,dc_5579
5105,dc_5599
5106,dc_7379
5107,dc_7167
5108,dc_3073
5109,dc_4279
5110,dc_3032
5111,dc_1507
5112,dc_1508
5113,dc_3057
5114,dc_1524
5115,dc_1525
5116,dc_3602
5117,dc_3612
5118,dc_3952
5119,dc_704
5120,dc_708
5121,dc_712
5122,dc_4809
5123,dc_718
5124,dc_5447
5125,dc_5558
5126,dc_4610
5127,dc_809
5128,dc_816
5129,dc_821
5130,dc_4688
5131,dc_431
5132,dc_3286
5133,dc_5724
5134,dc_3094
5135,dc_3116
5136,dc_3967
5137,dc_1267
5138,dc_3362
5139,dc_3910
5140,dc_3912
5141,dc_4447
5142,dc_3946
5143,dc_1905
5144,dc_3966
5145,dc_3743
5146,dc_1952
5147,dc_1963
5148,dc_1964
5149,dc_1966
5150,dc_3258
5151,dc_4033
5152,dc_2016
5153,dc_3559
5154,dc_1342
5155,dc_3453
5156,dc_3456
5157,dc_3243
5158,dc_4316
5159,dc_5488
5160,dc_5288
5161,dc_5293
5162,dc_1901
5163,dc_3795
5164,dc_5908
5165,dc_5244
5166,dc_1160
5167,dc_1182
5168,dc_5121
5169,dc_5127
5170,dc_566
5171,dc_1906
5172,dc_4003
5173,dc_4266
5174,dc_983
5175,dc_5097
5176,dc_5100
5177,dc_494
5178,dc_5119
5179,dc_5463
5180,dc_5128
5181,dc_3850
5182,dc_3160
5183,dc_1451
5184,dc_5819
5185,dc_5687
5186,dc_5547
5187,dc_6409
5188,dc_6410
5189,dc_6679
5190,dc_6434
5191,dc_6436
5192,dc_6441
5193,dc_6445
5194,dc_6447
5195,dc_6456
5196,dc_6458
5197,dc_6974
5198,dc_6464
5199,dc_6497
5200,dc_6498
5201,dc_6244
5202,dc_6501
5203,dc_6271
5204,dc_6532
5205,dc_6045
5206,dc_6818
5207,dc_6570
5208,dc_6596
5209,dc_6354
5210,dc_6113
5211,dc_6898
5212,dc_1797
5213,dc_4359
5214,dc_1038
5215,dc_4415
5216,dc_5206
5217,dc_4960
5218,dc_4202
5219,dc_4206
5220,dc_122
5221,dc_4223
5222,dc_4224
5223,dc_139
5224,dc_4245
5225,dc_4267
5226,dc_4779
5227,dc_1716
5228,dc_4816
5229,dc_5083
5230,dc_991
5231,dc_4092
5232,dc_1105
5233,dc_657
5234,dc_4255
5235,dc_3496
5236,dc_4055
5237,dc_3550
5238,dc_3085
5239,dc_3389
5240,dc_1513
5241,dc_5633
5242,dc_5519
5243,dc_5680
5244,dc_5623
5245,dc_3334
5246,dc_3113
5247,dc_5366
5248,dc_5112
5249,dc_3884
5250,dc_4423
5251,dc_2982
5252,dc_1204
5253,dc_4801
5254,dc_709
5255,dc_720
5256,dc_3573
5257,dc_5311
5258,dc_5418
5259,dc_4609
5260,dc_4636
5261,dc_285
5262,dc_826
5263,dc_4680
5264,dc_4936
5265,dc_847
5266,dc_4963
5267,dc_896
5268,dc_4237
5269,dc_4758
5270,dc_4036
5271,dc_4804
5272,dc_4806
5273,dc_4551
5274,dc_979
5275,dc_4824
5276,dc_988
5277,dc_4074
5278,dc_4091
5279,dc_4093
5280,dc_4094
5281,dc_5916
5282,dc_6007
5283,dc_5087
5284,dc_5553
5285,dc_3404
5286,dc_3428
5287,dc_3182
5288,dc_3196
5289,dc_3224
5290,dc_5749
5291,dc_5752
5292,dc_5849
5293,dc_5470
5294,dc_5617
5295,dc_5263
5296,dc_6152
5297,dc_6669
5298,dc_4141
5299,dc_3378
5300,dc_6718
5301,dc_5184
5302,dc_6470
5303,dc_6766
5304,dc_6528
5305,dc_6790
5306,dc_6536
5307,dc_6544
5308,dc_6546
5309,dc_6554
5310,dc_6043
5311,dc_6555
5312,dc_6556
5313,dc_3491
5314,dc_3754
5315,dc_6594
5316,dc_3808
5317,dc_6637
5318,dc_6902
5319,dc_817
5320,dc_345
5321,dc_4270
5322,dc_4532
5323,dc_457
5324,dc_3099
5325,dc_3137
5326,dc_3502
5327,dc_3508
5328,dc_3527
5329,dc_3820
5330,dc_5719
5331,dc_5638
5332,dc_5644
5333,dc_5585
5334,dc_5387
5335,dc_5500
5336,dc_5341
5337,dc_5344
5338,dc_510
5339,dc_3083
5340,dc_3088
5341,dc_3169
5342,dc_3177
5343,dc_3020
5344,dc_3044
5345,dc_3063
5346,dc_5130
5347,dc_3262
5348,dc_3521
5349,dc_3810
5350,dc_4846
5351,dc_761
5352,dc_5415
5353,dc_1561
5354,dc_3110
5355,dc_1325
5356,dc_3118
5357,dc_3592
5358,dc_3595
5359,dc_4885
5360,dc_4121
5361,dc_4177
5362,dc_1885
5363,dc_3687
5364,dc_4458
5365,dc_5005
5366,dc_3728
5367,dc_4771
5368,dc_3768
5369,dc_3257
5370,dc_1984
5371,dc_3009
5372,dc_3801
5373,dc_3627
5374,dc_3631
5375,dc_3636
5376,dc_3929
5377,dc_4254
5378,dc_4000
5379,dc_4262
5380,dc_3498
5381,dc_948
5382,dc_3519
5383,dc_3553
5384,dc_747
5385,dc_5946
5386,dc_1142
5387,dc_5866
5388,dc_3055
5389,dc_5985
5390,dc_5611
5391,dc_5698
5392,dc_5699
5393,dc_5268
5394,dc_5808
5395,dc_5848
5396,dc_1056
5397,dc_1091
5398,dc_714
5399,dc_716
5400,dc_5677
5401,dc_5512
5402,dc_3919
5403,dc_1895
5404,dc_1898
5405,dc_1647
5406,dc_3955
5407,dc_1914
5408,dc_3962
5409,dc_1920
5410,dc_3996
5411,dc_4007
5412,dc_1976
5413,dc_1977
5414,dc_3001
5415,dc_3785
5416,dc_1748
5417,dc_2007
5418,dc_4582
5419,dc_3579
5420,dc_1355
5421,dc_3403
5422,dc_3450
5423,dc_3454
5424,dc_3215
5425,dc_3251
5426,dc_3275
5427,dc_1975
5428,dc_5454
5429,dc_6920
5430,dc_3655
5431,dc_3659
5432,dc_3664
5433,dc_3711
5434,dc_4015
5435,dc_3014
5436,dc_5540
5437,dc_5543
5438,dc_5555
5439,dc_5566
5440,dc_5126
5441,dc_5136
5442,dc_4671
5443,dc_5216
5444,dc_4966
5445,dc_5222
5446,dc_4199
5447,dc_4718
5448,dc_4487
5449,dc_904
5450,dc_4236
5451,dc_1701
5452,dc_1707
5453,dc_4295
5454,dc_4325
5455,dc_5095
5456,dc_5114
5457,dc_1539
5458,dc_3418
5459,dc_3431
5460,dc_3462
5461,dc_1522
5462,dc_5640
5463,dc_5689
5464,dc_3109
5465,dc_1576
5466,dc_3115
5467,dc_1586
5468,dc_3125
5469,dc_3133
5470,dc_4428
5471,dc_5976
5472,dc_5343
5473,dc_5307
5474,dc_4109
5475,dc_1064
5476,dc_848
5477,dc_849
5478,dc_4706
5479,dc_6527
5480,dc_3992
5481,dc_4521
5482,dc_4533
5483,dc_182
5484,dc_4065
5485,dc_4089
5486,dc_5910
5487,dc_5961
5488,dc_5269
5489,dc_1177
5490,dc_2992
5491,dc_5861
5492,dc_5780
5493,dc_5806
5494,dc_5827
5495,dc_4353
5496,dc_779
5497,dc_4626
5498,dc_4724
5499,dc_411
5500,dc_4261
5501,dc_4272
5502,dc_4286
5503,dc_4311
5504,dc_4576
5505,dc_994
5506,dc_4586
5507,dc_1014
5508,dc_4351
5509,dc_5508
5510,dc_5281
5511,dc_4904
5512,dc_4410
5513,dc_579
5514,dc_1118
5515,dc_4817
5516,dc_3798
5517,dc_985
5518,dc_3290
5519,dc_5092
5520,dc_4327
5521,dc_4328
5522,dc_5116
5523,dc_4606
5524,dc_5429
5525,dc_3899
5526,dc_3922
5527,dc_3458
5528,dc_4248
5529,dc_4253
5530,dc_4525
5531,dc_693
5532,dc_3551
5533,dc_738
5534,dc_5657
5535,dc_5690
5536,dc_3596
5537,dc_3623
5538,dc_3880
5539,dc_4928
5540,dc_3959
5541,dc_4787
5542,dc_4797
5543,dc_710
5544,dc_4342
5545,dc_5295
5546,dc_1795
5547,dc_4356
5548,dc_3420
5549,dc_3241
5550,dc_3326
5551,dc_3149
5552,dc_1421
5553,dc_3016
5554,dc_3371
5555,dc_3168
5556,dc_3436
5557,dc_3048
5558,dc_3058
5559,dc_3090
5560,dc_1327
5561,dc_3127
5562,dc_5917
5563,dc_5943
5564,dc_5986
5565,dc_5247
5566,dc_2986
5567,dc_2989
5568,dc_2990
5569,dc_1211
5570,dc_5871
5571,dc_5880
5572,dc_5887
5573,dc_5794
5574,dc_5844
5575,dc_5517
5576,dc_5273
5577,dc_5290
5578,dc_5335
5579,dc_5459
5580,dc_5563
5581,dc_5577
5582,dc_5600
5583,dc_5621
5584,dc_8211
5585,dc_9012
5586,dc_9015
5587,dc_9016
5588,dc_9018
5589,dc_9027
5590,dc_8329
5591,dc_8194
5592,dc_8198
5593,dc_8199
5594,dc_7945
5595,dc_8207
5596,dc_8209
5597,dc_8213
5598,dc_8215
5599,dc_8218
5600,dc_8219
5601,dc_8220
5602,dc_8221
5603,dc_8222
5604,dc_8223
5605,dc_8224
5606,dc_8226
5607,dc_7979
5608,dc_7999
5609,dc_9024
5610,dc_8257
5611,dc_8026
5612,dc_8283
5613,dc_8028
5614,dc_8031
5615,dc_8039
5616,dc_7784
5617,dc_8041
5618,dc_8051
5619,dc_7799
5620,dc_8056
5621,dc_8059
5622,dc_8061
5623,dc_8062
5624,dc_8063
5625,dc_8064
5626,dc_8067
5627,dc_8072
5628,dc_8073
5629,dc_8079
5630,dc_7824
5631,dc_8080
5632,dc_8081
5633,dc_8084
5634,dc_8086
5635,dc_7576
5636,dc_8088
5637,dc_7577
5638,dc_8089
5639,dc_7580
5640,dc_8094
5641,dc_8096
5642,dc_8112
5643,dc_8114
5644,dc_8119
5645,dc_8120
5646,dc_8121
5647,dc_8154
5648,dc_8158
5649,dc_8163
5650,dc_7662
5651,dc_8182
5652,dc_8183
5653,dc_8185
5654,dc_8186
5655,dc_8187
5656,dc_8188
5657,dc_7421
5658,dc_7687
5659,dc_7949
5660,dc_7449
5661,dc_7706
5662,dc_7965
5663,dc_7711
5664,dc_7970
5665,dc_7972
5666,dc_8228
5667,dc_7466
5668,dc_7726
5669,dc_7728
5670,dc_7985
5671,dc_7731
5672,dc_7989
5673,dc_7734
5674,dc_7743
5675,dc_7749
5676,dc_8005
5677,dc_8007
5678,dc_8010
5679,dc_7760
5680,dc_7507
5681,dc_7768
5682,dc_7778
5683,dc_7791
5684,dc_7792
5685,dc_8057
5686,dc_7552
5687,dc_7817
5688,dc_8078
5689,dc_7570
5690,dc_8083
5691,dc_8085
5692,dc_8087
5693,dc_7588
5694,dc_8100
5695,dc_8101
5696,dc_7592
5697,dc_8104
5698,dc_8105
5699,dc_7603
5700,dc_7610
5701,dc_8126
5702,dc_7615
5703,dc_7616
5704,dc_7630
5705,dc_7376
5706,dc_7384
5707,dc_7640
5708,dc_7387
5709,dc_7899
5710,dc_8157
5711,dc_7649
5712,dc_7650
5713,dc_7399
5714,dc_7657
5715,dc_7926
5716,dc_7928
5717,dc_7929
5718,dc_7169
5719,dc_7204
5720,dc_7231
5721,dc_6977
5722,dc_6986
5723,dc_6999
5724,dc_8282
5725,dc_7014
5726,dc_7017
5727,dc_7290
5728,dc_7035
5729,dc_7294
5730,dc_7044
5731,dc_7302
5732,dc_7048
5733,dc_7316
5734,dc_7318
5735,dc_7332
5736,dc_7351
5737,dc_7356
5738,dc_8385
5739,dc_7897
5740,dc_7147
5741,dc_7407
5742,dc_7924
5743,dc_6411
5744,dc_290
5745,dc_6469
5746,dc_8269
5747,dc_6503
5748,dc_6531
5749,dc_6325
5750,dc_6340
5751,dc_6860
5752,dc_6610
5753,dc_6356
5754,dc_6358
5755,dc_6370
5756,dc_6376
5757,dc_6635
5758,dc_6639
5759,dc_7964
5760,dc_6211
5761,dc_3663
5762,dc_3666
5763,dc_6749
5764,dc_6759
5765,dc_6256
5766,dc_6514
5767,dc_6775
5768,dc_6526
5769,dc_6533
5770,dc_6791
5771,dc_6801
5772,dc_6560
5773,dc_6561
5774,dc_4786
5775,dc_6840
5776,dc_6842
5777,dc_3773
5778,dc_6094
5779,dc_6619
5780,dc_4164
5781,dc_4170
5782,dc_4178
5783,dc_4968
5784,dc_4978
5785,dc_3703
5786,dc_5039
5787,dc_4023
5788,dc_5054
5789,dc_3267
5790,dc_1991
5791,dc_3535
5792,dc_5076
5793,dc_3817
5794,dc_3356
5795,dc_3360
5796,dc_3900
5797,dc_8252
5798,dc_3925
5799,dc_1639
5800,dc_1926
5801,dc_3974
5802,dc_3722
5803,dc_3729
5804,dc_1945
5805,dc_6316
5806,dc_1970
5807,dc_7607
5808,dc_1979
5809,dc_1784
5810,dc_7416
5811,dc_1787
5812,dc_1796
5813,dc_4362
5814,dc_4878
5815,dc_4392
5816,dc_4394
5817,dc_4685
5818,dc_4184
5819,dc_4186
5820,dc_4961
5821,dc_5230
5822,dc_4208
5823,dc_919
5824,dc_939
5825,dc_4108
5826,dc_4112
5827,dc_4132
5828,dc_4135
5829,dc_4138
5830,dc_1096
5831,dc_4698
5832,dc_4189
5833,dc_4713
5834,dc_877
5835,dc_890
5836,dc_4770
5837,dc_4260
5838,dc_4264
5839,dc_4526
5840,dc_4020
5841,dc_4799
5842,dc_4822
5843,dc_4829
5844,dc_4078
5845,dc_776
5846,dc_4360
5847,dc_783
5848,dc_4396
5849,dc_4256
5850,dc_4300
5851,dc_4318
5852,dc_4591
5853,dc_3858
5854,dc_5140
5855,dc_562
5856,dc_5173
5857,dc_4420
5858,dc_3782
5859,dc_3811
5860,dc_4324
5861,dc_4836
5862,dc_3813
5863,dc_5098
5864,dc_3635
5865,dc_637
5866,dc_4545
5867,dc_3556
5868,dc_743
5869,dc_3646
5870,dc_4176
5871,dc_4956
5872,dc_4971
5873,dc_3185
5874,dc_3457
5875,dc_3246
5876,dc_3495
5877,dc_3080
5878,dc_3086
5879,dc_3038
5880,dc_3106
5881,dc_3150
5882,dc_3950
5883,dc_5875
5884,dc_5881
5885,dc_5756
5886,dc_5635
5887,dc_5297
5888,dc_5305
5889,dc_8450
5890,dc_8451
5891,dc_8452
5892,dc_8454
5893,dc_8458
5894,dc_8463
5895,dc_8465
5896,dc_8466
5897,dc_8468
5898,dc_8740
5899,dc_8741
5900,dc_8489
5901,dc_8490
5902,dc_8491
5903,dc_8747
5904,dc_8748
5905,dc_8493
5906,dc_8750
5907,dc_8751
5908,dc_8496
5909,dc_8497
5910,dc_8753
5911,dc_8498
5912,dc_8499
5913,dc_8500
5914,dc_8769
5915,dc_8774
5916,dc_8778
5917,dc_8779
5918,dc_8781
5919,dc_8782
5920,dc_8783
5921,dc_8786
5922,dc_8787
5923,dc_8789
5924,dc_8790
5925,dc_8791
5926,dc_8536
5927,dc_8792
5928,dc_8793
5929,dc_8798
5930,dc_8800
5931,dc_8801
5932,dc_8805
5933,dc_8807
5934,dc_8808
5935,dc_8809
5936,dc_8810
5937,dc_8811
5938,dc_8300
5939,dc_8301
5940,dc_8813
5941,dc_8302
5942,dc_8814
5943,dc_8560
5944,dc_8816
5945,dc_8305
5946,dc_8817
5947,dc_8306
5948,dc_8819
5949,dc_8308
5950,dc_8820
5951,dc_8309
5952,dc_8566
5953,dc_8311
5954,dc_8567
5955,dc_8823
5956,dc_8312
5957,dc_8825
5958,dc_8315
5959,dc_8316
5960,dc_8317
5961,dc_8829
5962,dc_8318
5963,dc_8830
5964,dc_8831
5965,dc_8576
5966,dc_8832
5967,dc_8578
5968,dc_8834
5969,dc_8579
5970,dc_8835
5971,dc_8580
5972,dc_8581
5973,dc_8837
5974,dc_8838
5975,dc_8839
5976,dc_8584
5977,dc_8841
5978,dc_8586
5979,dc_8842
5980,dc_8331
5981,dc_8587
5982,dc_8843
5983,dc_8588
5984,dc_8844
5985,dc_8589
5986,dc_8590
5987,dc_8335
5988,dc_8591
5989,dc_8847
5990,dc_8592
5991,dc_8593
5992,dc_8849
5993,dc_8338
5994,dc_8594
5995,dc_8341
5996,dc_8597
5997,dc_8853
5998,dc_8342
5999,dc_8854
6000,dc_8599
6001,dc_8344
6002,dc_8600
6003,dc_8856
6004,dc_8345
6005,dc_8602
6006,dc_8348
6007,dc_8349
6008,dc_8605
6009,dc_8607
6010,dc_8352
6011,dc_8608
6012,dc_8353
6013,dc_8354
6014,dc_8357
6015,dc_8358
6016,dc_8614
6017,dc_8363
6018,dc_8619
6019,dc_8364
6020,dc_8620
6021,dc_8365
6022,dc_8369
6023,dc_8370
6024,dc_8371
6025,dc_8627
6026,dc_8629
6027,dc_8374
6028,dc_8630
6029,dc_8375
6030,dc_8378
6031,dc_8379
6032,dc_8635
6033,dc_8636
6034,dc_8637
6035,dc_8382
6036,dc_8639
6037,dc_8640
6038,dc_8641
6039,dc_8642
6040,dc_8387
6041,dc_8644
6042,dc_8392
6043,dc_8396
6044,dc_8652
6045,dc_8654
6046,dc_8656
6047,dc_8404
6048,dc_8405
6049,dc_8406
6050,dc_8662
6051,dc_8407
6052,dc_8663
6053,dc_8409
6054,dc_8413
6055,dc_8669
6056,dc_8670
6057,dc_8671
6058,dc_8672
6059,dc_8674
6060,dc_8675
6061,dc_8678
6062,dc_8679
6063,dc_8681
6064,dc_8426
6065,dc_8430
6066,dc_8431
6067,dc_8687
6068,dc_8432
6069,dc_8434
6070,dc_8440
6071,dc_8696
6072,dc_8441
6073,dc_8445
6074,dc_8446
6075,dc_8447
6076,dc_8704
6077,dc_8707
6078,dc_8453
6079,dc_8710
6080,dc_8711
6081,dc_8456
6082,dc_8713
6083,dc_8714
6084,dc_8715
6085,dc_8718
6086,dc_8719
6087,dc_8720
6088,dc_8721
6089,dc_8722
6090,dc_8723
6091,dc_8724
6092,dc_8726
6093,dc_8728
6094,dc_8474
6095,dc_8732
6096,dc_8477
6097,dc_8478
6098,dc_8736
6099,dc_8481
6100,dc_8482
6101,dc_8483
6102,dc_8486
6103,dc_8742
6104,dc_8998
6105,dc_8488
6106,dc_8501
6107,dc_8757
6108,dc_8502
6109,dc_8503
6110,dc_8759
6111,dc_8760
6112,dc_8761
6113,dc_8762
6114,dc_8763
6115,dc_8509
6116,dc_8510
6117,dc_8511
6118,dc_8512
6119,dc_8768
6120,dc_8514
6121,dc_8770
6122,dc_8515
6123,dc_8771
6124,dc_8772
6125,dc_8517
6126,dc_8776
6127,dc_8521
6128,dc_8522
6129,dc_8523
6130,dc_8526
6131,dc_8528
6132,dc_8529
6133,dc_8785
6134,dc_8530
6135,dc_8531
6136,dc_8276
6137,dc_8788
6138,dc_8537
6139,dc_8538
6140,dc_8794
6141,dc_8796
6142,dc_8541
6143,dc_8542
6144,dc_8799
6145,dc_8546
6146,dc_8802
6147,dc_8547
6148,dc_8803
6149,dc_8548
6150,dc_8550
6151,dc_8551
6152,dc_8552
6153,dc_8553
6154,dc_8554
6155,dc_8299
6156,dc_8555
6157,dc_8812
6158,dc_8561
6159,dc_8307
6160,dc_8563
6161,dc_8565
6162,dc_8822
6163,dc_8568
6164,dc_8824
6165,dc_8313
6166,dc_8569
6167,dc_8572
6168,dc_8828
6169,dc_8573
6170,dc_8574
6171,dc_8575
6172,dc_8321
6173,dc_8322
6174,dc_8323
6175,dc_8324
6176,dc_8836
6177,dc_8325
6178,dc_8327
6179,dc_8328
6180,dc_8585
6181,dc_8330
6182,dc_8333
6183,dc_8846
6184,dc_8336
6185,dc_8848
6186,dc_8340
6187,dc_8596
6188,dc_8852
6189,dc_8855
6190,dc_8857
6191,dc_8346
6192,dc_8603
6193,dc_8604
6194,dc_8861
6195,dc_8350
6196,dc_8606
6197,dc_8610
6198,dc_8611
6199,dc_8612
6200,dc_8359
6201,dc_8615
6202,dc_8871
6203,dc_8360
6204,dc_8616
6205,dc_8617
6206,dc_8618
6207,dc_8876
6208,dc_8622
6209,dc_8367
6210,dc_8623
6211,dc_8368
6212,dc_8624
6213,dc_8625
6214,dc_8628
6215,dc_8373
6216,dc_8631
6217,dc_8376
6218,dc_8888
6219,dc_8377
6220,dc_8633
6221,dc_8634
6222,dc_8643
6223,dc_8388
6224,dc_8645
6225,dc_8390
6226,dc_8391
6227,dc_8647
6228,dc_8648
6229,dc_8393
6230,dc_8649
6231,dc_8650
6232,dc_8395
6233,dc_8651
6234,dc_8397
6235,dc_8653
6236,dc_8398
6237,dc_8399
6238,dc_8400
6239,dc_8402
6240,dc_8658
6241,dc_8659
6242,dc_8660
6243,dc_8661
6244,dc_8917
6245,dc_8408
6246,dc_8920
6247,dc_8665
6248,dc_8666
6249,dc_8922
6250,dc_8411
6251,dc_8667
6252,dc_8414
6253,dc_8416
6254,dc_8673
6255,dc_8676
6256,dc_8423
6257,dc_8680
6258,dc_8425
6259,dc_8683
6260,dc_8428
6261,dc_8429
6262,dc_8686
6263,dc_8688
6264,dc_8433
6265,dc_8689
6266,dc_8690
6267,dc_8435
6268,dc_8691
6269,dc_8692
6270,dc_8437
6271,dc_8693
6272,dc_8438
6273,dc_8694
6274,dc_8695
6275,dc_8443
6276,dc_8699
6277,dc_8701
6278,dc_8702
6279,dc_8703
6280,dc_8727
6281,dc_8472
6282,dc_8729
6283,dc_8730
6284,dc_8734
6285,dc_8735
6286,dc_8485
6287,dc_8755
6288,dc_8506
6289,dc_8508
6290,dc_8784
6291,dc_8274
6292,dc_8280
6293,dc_8797
6294,dc_8543
6295,dc_8815
6296,dc_8821
6297,dc_8319
6298,dc_8840
6299,dc_8332
6300,dc_8850
6301,dc_8598
6302,dc_8347
6303,dc_8356
6304,dc_8613
6305,dc_8372
6306,dc_8638
6307,dc_8386
6308,dc_8389
6309,dc_8394
6310,dc_8419
6311,dc_8420
6312,dc_8427
6313,dc_8436
6314,dc_8439
6315,dc_9014
6316,dc_8775
6317,dc_8806
6318,dc_8558
6319,dc_8314
6320,dc_8851
6321,dc_8351
6322,dc_8863
6323,dc_8773
6324,dc_8520
6325,dc_8818
6326,dc_8310
6327,dc_8868
6328,dc_8401
6329,dc_8545
6330,dc_7425
6331,dc_8197
6332,dc_8200
6333,dc_8201
6334,dc_6939
6335,dc_8232
6336,dc_4911
6337,dc_8258
6338,dc_8265
6339,dc_3945
6340,dc_6009
6341,dc_6010
6342,dc_6011
6343,dc_6012
6344,dc_6014
6345,dc_6016
6346,dc_6017
6347,dc_8326
6348,dc_6031
6349,dc_6302
6350,dc_6303
6351,dc_6304
6352,dc_6305
6353,dc_6306
6354,dc_6307
6355,dc_6308
6356,dc_6309
6357,dc_6310
6358,dc_6311
6359,dc_6312
6360,dc_6313
6361,dc_6314
6362,dc_6315
6363,dc_6317
6364,dc_6318
6365,dc_6333
6366,dc_6334
6367,dc_3010
6368,dc_8156
6369,dc_7406
6370,dc_7420
6371,dc_5630
6372,dc_8296
6373,dc_8872
6374,dc_8267
6375,dc_8290
6376,dc_8261
6377,dc_8480
6378,dc_8764
